content,content_zh,rating,product_id,date,ai_sentiment,ai_aspects_json,ai_aspects_json_zh,ai_pain_points,ai_highlights,ai_evidence_level,annotation_status,reviewer_notes,
Son got this for Christmas and wore them out time and have a leak in them.,儿子圣诞节收到这个，穿了几次就漏水了。,1,Wader,2025/5/4,negative,"[{""key"": ""waterproof"", ""polarity"": ""negative"", ""evidence_span"": ""have a leak in them"", ""evidence_level"": ""certain""}, {""key"": ""durability"", ""polarity"": ""negative"", ""evidence_span"": ""wore them out time and have a leak"", ""evidence_level"": ""certain""}]","[{""key"": ""防水性"", ""polarity"": ""负面"", ""evidence_span"": ""它们有漏洞"", ""evidence_level"": ""确定""}, {""key"": ""耐用性"", ""polarity"": ""负面"", ""evidence_span"": ""穿久了就破了，有漏洞"", ""evidence_level"": ""确定""}]","[""Leak after first use""]",[],certain,ai_pending_review,,
"The first time I wore them, I got soaked. There are definitely holes in both sides of the legs and boots. They didn’t last a minute. They do NOT breath, which is understandable but noteworthy.",第一次穿就湿透了，裤腿和靴子两侧肯定有洞，一分钟都没撑住。不透气，可以理解但值得一提。,1,Wader,2025/4/26,negative,"[{""key"": ""waterproof"", ""polarity"": ""negative"", ""evidence_span"": ""I got soaked. There are definitely holes in both sides of the legs and boots."", ""evidence_level"": ""certain""}, {""key"": ""breathability"", ""polarity"": ""negative"", ""evidence_span"": ""They do NOT breath"", ""evidence_level"": ""certain""}, {""key"": ""durability"", ""polarity"": ""negative"", ""evidence_span"": ""They didn’t last a minute."", ""evidence_level"": ""certain""}, {""key"": ""build_quality"", ""polarity"": ""negative"", ""evidence_span"": ""There are definitely holes in both sides of the legs and boots"", ""evidence_level"": ""certain""}]","[{""key"": ""防水性"", ""polarity"": ""负面"", ""evidence_span"": ""I got soaked. There are definitely holes in both sides of the legs and boots."", ""evidence_level"": ""确定""}, {""key"": ""透气性"", ""polarity"": ""负面"", ""evidence_span"": ""They do NOT breath"", ""evidence_level"": ""确定""}, {""key"": ""耐用性"", ""polarity"": ""负面"", ""evidence_span"": ""They didn’t last a minute."", ""evidence_level"": ""确定""}, {""key"": ""做工质量"", ""polarity"": ""负面"", ""evidence_span"": ""There are definitely holes in both sides of the legs and boots"", ""evidence_level"": ""确定""}]","[""Not waterproof"", ""Holes in legs and boots"", ""Poor durability""]",[],certain,reviewed,"AI Aspects: 可补 {key: ""build_quality"", polarity: ""negative"", evidence_span: ""There are definitely holes in both sides of the legs and boots"", evidence_level: ""certain""}; 首次使用即两侧/靴子有洞，更像做工缺陷。",
"They fit me well, I wear a size shoe US10 male, and they fit snug. The pocket in the front is a big plus as well.",很合身，我穿美码10男鞋，穿着很贴身。前面的口袋也是一大亮点。,5,Wader,2025/5/15,positive,"[{""key"": ""size_fit"", ""polarity"": ""positive"", ""evidence_span"": ""They fit me well, I wear a size shoe US10 male, and they fit snug."", ""evidence_level"": ""certain""}, {""key"": ""ease_of_use"", ""polarity"": ""positive"", ""evidence_span"": ""The pocket in the front is a big plus as well."", ""evidence_level"": ""certain""}]","[{""key"": ""尺寸合脚性"", ""polarity"": ""正面"", ""evidence_span"": ""它们很合脚，我穿美码10号男鞋，它们贴合得很好。"", ""evidence_level"": ""确定""}, {""key"": ""易用性"", ""polarity"": ""正面"", ""evidence_span"": ""前面的口袋也是一个很大的加分项。"", ""evidence_level"": ""确定""}]",[],"[""snug fit"", ""front pocket""]",certain,ai_pending_review,,
"Tried this out for the first time in the Maumee river in Ohio, very rocky lots of twigs and trees in the mucky water and these preformed flawless. 10/10 recommend anyone looking to get waiters to start with these. Boots hurt after awhile but what do you expect for paying this price? They kept me dry the whole time and is definitely one of the best purchases I’ve made in awhile",第一次在俄亥俄州莫米河试用，水里多石、多树枝和树杈，但这款表现完美。10/10推荐给想买涉水裤的人。靴子穿久了会疼，但这个价位还能指望什么？全程保持干爽，绝对是我近期最值的购买之一。,5,Wader,2024/6/23,positive,"[{""key"": ""waterproof"", ""polarity"": ""positive"", ""evidence_span"": ""kept me dry the whole time"", ""evidence_level"": ""certain""}, {""key"": ""durability"", ""polarity"": ""positive"", ""evidence_span"": ""preformed flawless"", ""evidence_level"": ""certain""}, {""key"": ""comfort"", ""polarity"": ""negative"", ""evidence_span"": ""Boots hurt after awhile"", ""evidence_level"": ""certain""}, {""key"": ""value_for_money"", ""polarity"": ""positive"", ""evidence_span"": ""what do you expect for paying this price?"", ""evidence_level"": ""certain""}]","[{""key"": ""防水性"", ""polarity"": ""正面"", ""evidence_span"": ""让我全程保持干爽"", ""evidence_level"": ""确定""}, {""key"": ""耐用性"", ""polarity"": ""正面"", ""evidence_span"": ""表现完美无瑕"", ""evidence_level"": ""确定""}, {""key"": ""穿着舒适度"", ""polarity"": ""负面"", ""evidence_span"": ""靴子穿久了会疼"", ""evidence_level"": ""确定""}, {""key"": ""性价比"", ""polarity"": ""正面"", ""evidence_span"": ""以这个价格你还期待什么？"", ""evidence_level"": ""确定""}]","[""boots hurt after prolonged use""]","[""kept dry in rocky mucky water"", ""flawless performance"", ""great value for price""]",certain,ai_pending_review,,
"Excellent quality, fit—especially for the price. Was never cold, even in coastal Oregon water. The boots are solidly built and there were no leaks whatsoever. For my first pair of waders, these were a surprisingly good investment.",质量极好，合身，尤其这个价位。即使在俄勒冈沿海水域也不冷。靴子结实，完全没漏水。作为我的第一条涉水裤，真是意外的超值投资。,4,Wader,2024/9/4,positive,"[{""key"": ""waterproof"", ""polarity"": ""positive"", ""evidence_span"": ""no leaks whatsoever"", ""evidence_level"": ""certain""}, {""key"": ""size_fit"", ""polarity"": ""positive"", ""evidence_span"": ""fit—especially for the price"", ""evidence_level"": ""certain""}, {""key"": ""build_quality"", ""polarity"": ""positive"", ""evidence_span"": ""solidly built"", ""evidence_level"": ""certain""}, {""key"": ""value_for_money"", ""polarity"": ""positive"", ""evidence_span"": ""surprisingly good investment"", ""evidence_level"": ""certain""}, {""key"": ""comfort"", ""polarity"": ""positive"", ""evidence_span"": ""Was never cold, even in coastal Oregon water"", ""evidence_level"": ""certain""}]","[{""key"": ""防水性"", ""polarity"": ""正面"", ""evidence_span"": ""no leaks whatsoever"", ""evidence_level"": ""确定""}, {""key"": ""尺寸合脚性"", ""polarity"": ""正面"", ""evidence_span"": ""fit—especially for the price"", ""evidence_level"": ""确定""}, {""key"": ""做工质量"", ""polarity"": ""正面"", ""evidence_span"": ""solidly built"", ""evidence_level"": ""确定""}, {""key"": ""性价比"", ""polarity"": ""正面"", ""evidence_span"": ""surprisingly good investment"", ""evidence_level"": ""确定""}, {""key"": ""穿着舒适度"", ""polarity"": ""正面"", ""evidence_span"": ""Was never cold, even in coastal Oregon water"", ""evidence_level"": ""确定""}]",[],"[""Excellent quality"", ""no leaks"", ""good investment""]",certain,reviewed,"AI Aspects: 可补 {key: ""comfort"", polarity: ""positive"", evidence_span: ""Was never cold, even in coastal Oregon water"", evidence_level: ""certain""}。",
"Rating just based on fit right now. Will update on water proof seal in one week.As a 5'10 female with a bigger butt than many people, these waders actually fit! The fit is true to size. Definitely made for a taller person (due to being both for men and women). Thickness is good for the desert river work I do - is good for summer temperatures.Straps adjusted well. I could actually do a half squat without it being tight in the crotch. Definitely recommend.Came with a repair kit as well.",目前仅根据合身度评分，一周后更新防水密封性。作为5英尺10英寸、臀部较大的女性，这款涉水裤居然合身！尺码标准。肯定是为高个子设计的（男女通用）。厚度适合我做的沙漠河流工作——夏季温度合适。背带调节良好，半蹲时裆部不紧。强烈推荐。还附带了修补包。,5,Wader,2025/8/28,positive,"[{""key"": ""size_fit"", ""polarity"": ""positive"", ""evidence_span"": ""these waders actually fit! The fit is true to size"", ""evidence_level"": ""certain""}, {""key"": ""comfort"", ""polarity"": ""positive"", ""evidence_span"": ""I could actually do a half squat without it being tight in the crotch"", ""evidence_level"": ""certain""}, {""key"": ""material"", ""polarity"": ""positive"", ""evidence_span"": ""Thickness is good for the desert river work I do"", ""evidence_level"": ""certain""}, {""key"": ""ease_of_use"", ""polarity"": ""positive"", ""evidence_span"": ""Straps adjusted well"", ""evidence_level"": ""certain""}]","[{""key"": ""尺寸合脚性"", ""polarity"": ""正面"", ""evidence_span"": ""these waders actually fit! The fit is true to size"", ""evidence_level"": ""确定""}, {""key"": ""穿着舒适度"", ""polarity"": ""正面"", ""evidence_span"": ""I could actually do a half squat without it being tight in the crotch"", ""evidence_level"": ""确定""}, {""key"": ""材质"", ""polarity"": ""正面"", ""evidence_span"": ""Thickness is good for the desert river work I do"", ""evidence_level"": ""确定""}, {""key"": ""易用性"", ""polarity"": ""正面"", ""evidence_span"": ""Straps adjusted well"", ""evidence_level"": ""确定""}]",[],"[""true to size fit for tall curvy women"", ""good thickness for summer work"", ""includes repair kit""]",certain,reviewed,"AI Aspects: {key: ""value_for_money""} 的证据 ""Came with a repair kit"" 不够贴合，repair kit 更像配件亮点/other；评论没有直接提价格或性价比。",
Bought this on sale at $30. Frogg toggs has great quality as always. Fits perfectly coming from a big guy. Thigh inseam is more like a 29 to 30. I got the size 10. Good quality on the stitching. It came with a free registration to frogg toggs for a limited one year warranty. Can't wait to try it on next trout season.,30美元促销时买的。Frogg Toggs一如既往质量好。大个子穿着完美合身。大腿内缝长约29到30英寸。我买的是10号。缝线质量好。附赠免费注册一年有限保修。等不及下次鳟鱼季试用了。,5,Wader,2024/11/4,positive,"[{""key"": ""size_fit"", ""polarity"": ""positive"", ""evidence_span"": ""Fits perfectly coming from a big guy"", ""evidence_level"": ""certain""}, {""key"": ""build_quality"", ""polarity"": ""positive"", ""evidence_span"": ""Good quality on the stitching"", ""evidence_level"": ""certain""}, {""key"": ""value_for_money"", ""polarity"": ""positive"", ""evidence_span"": ""Bought this on sale at $30"", ""evidence_level"": ""certain""}, {""key"": ""customer_service"", ""polarity"": ""positive"", ""evidence_span"": ""came with a free registration to frogg toggs for a limited one year warranty"", ""evidence_level"": ""certain""}]","[{""key"": ""尺寸合脚性"", ""polarity"": ""正面"", ""evidence_span"": ""大个子穿起来也很合身"", ""evidence_level"": ""确定""}, {""key"": ""做工"", ""polarity"": ""正面"", ""evidence_span"": ""缝线质量很好"", ""evidence_level"": ""确定""}, {""key"": ""性价比"", ""polarity"": ""正面"", ""evidence_span"": ""打折时30美元买的"", ""evidence_level"": ""确定""}, {""key"": ""客服"", ""polarity"": ""正面"", ""evidence_span"": ""附赠免费注册Frogg Toggs一年有限保修"", ""evidence_level"": ""确定""}]",[],"[""Great quality"", ""Perfect fit for big guy"", ""Good value at $30""]",certain,ai_pending_review,,
"Purchased for my son, an avid ocean fisherman, and he loves these! Fit great and appear well made! He’s 6’1 and weighs about 190 ordered size 12.",给热爱海钓的儿子买的，他超爱！合身且做工精良。他身高6英尺1英寸，体重约190磅，买了12号。,5,Wader,2025/3/19,positive,"[{""key"": ""size_fit"", ""polarity"": ""positive"", ""evidence_span"": ""Fit great"", ""evidence_level"": ""certain""}, {""key"": ""build_quality"", ""polarity"": ""positive"", ""evidence_span"": ""appear well made"", ""evidence_level"": ""certain""}]","[{""key"": ""尺寸合脚性"", ""polarity"": ""正面"", ""evidence_span"": ""非常合身"", ""evidence_level"": ""确定""}, {""key"": ""做工"", ""polarity"": ""正面"", ""evidence_span"": ""做工看起来不错"", ""evidence_level"": ""确定""}]",[],"[""Great fit"", ""Well made""]",certain,ai_pending_review,,
"Needed something quick for a trip to the coast (WA state).  Took these out surf fishing in some rough waters and they performed very well.  No leaks, I was comfortably warm while wading in the water for a good 4-6 hrs.  Had light weight workout tights and light base layer.  Water was in the 50’s, weather was on-off rain and 60’s.I was mostly dry with the exception of 1-2 waves occasionally finding its way over the top of my waders.  Waste belt fit snug, and made good use of the front storage pockets.  Hiked about a quarter mile over logs and brushes to get to my spot.  Got a little warm on the hike in, but otherwise these were great for the weather up here.For the 1st time out this seemed durable.  Made sure to give it a thorough rinse back at camp and hang dry with the convenient hanging straps they provided. We’ll see how many more trips it makes it through.",去华盛顿州海岸旅行急需装备。在汹涌海浪中冲浪钓鱼，表现很好。没漏水，在水中舒适地站了4到6小时。穿了轻量运动紧身裤和薄打底。水温50多华氏度，天气时雨时晴，60多华氏度。基本干爽，只有1到2次浪偶尔漫过涉水裤顶部。腰带贴合，前储物袋很实用。徒步四分之一英里穿过原木和灌木到达钓点。徒步时有点热，但总体很适合这里的天气。第一次使用感觉耐用。回营地彻底冲洗并用提供的挂带晾干。看看还能撑几次出行。,4,Wader,2024/9/27,positive,"[{""key"": ""waterproof"", ""polarity"": ""positive"", ""evidence_span"": ""No leaks, I was comfortably warm while wading in the water for a good 4-6 hrs"", ""evidence_level"": ""certain""}, {""key"": ""comfort"", ""polarity"": ""positive"", ""evidence_span"": ""comfortably warm while wading in the water for a good 4-6 hrs"", ""evidence_level"": ""certain""}, {""key"": ""durability"", ""polarity"": ""positive"", ""evidence_span"": ""For the 1st time out this seemed durable"", ""evidence_level"": ""probable""}, {""key"": ""ease_of_use"", ""polarity"": ""positive"", ""evidence_span"": ""convenient hanging straps they provided"", ""evidence_level"": ""certain""}, {""key"": ""size_fit"", ""polarity"": ""positive"", ""evidence_span"": ""Waste belt fit snug"", ""evidence_level"": ""certain""}, {""key"": ""breathability"", ""polarity"": ""negative"", ""evidence_span"": ""Got a little warm on the hike in"", ""evidence_level"": ""certain""}]","[{""key"": ""防水性"", ""polarity"": ""正面"", ""evidence_span"": ""No leaks, I was comfortably warm while wading in the water for a good 4-6 hrs"", ""evidence_level"": ""确定""}, {""key"": ""穿着舒适度"", ""polarity"": ""正面"", ""evidence_span"": ""comfortably warm while wading in the water for a good 4-6 hrs"", ""evidence_level"": ""确定""}, {""key"": ""耐用性"", ""polarity"": ""正面"", ""evidence_span"": ""For the 1st time out this seemed durable"", ""evidence_level"": ""推测""}, {""key"": ""易用性"", ""polarity"": ""正面"", ""evidence_span"": ""convenient hanging straps they provided"", ""evidence_level"": ""确定""}, {""key"": ""尺寸合脚性"", ""polarity"": ""正面"", ""evidence_span"": ""Waste belt fit snug"", ""evidence_level"": ""确定""}, {""key"": ""透气性"", ""polarity"": ""负面"", ""evidence_span"": ""Got a little warm on the hike in"", ""evidence_level"": ""确定""}]","[""got a little warm on hike""]","[""no leaks in rough waters"", ""comfortable for 4-6 hours"", ""convenient hanging straps""]",certain,reviewed,"AI Aspects: 可补 {key: ""breathability"", polarity: ""negative"", evidence_span: ""Got a little warm on the hike in"", evidence_level: ""certain""}; Pain Points 里的 ""waves over the top"" 是水位/使用场景，不算产品缺陷。",
These are awesome for cleaning out a mucky lake. Everyone that sees me wearing them wants a pair!,清理泥泞湖泊太棒了。看到我穿的人都说想要一条！,5,Wader,2025/7/6,positive,"[{""key"": ""ease_of_use"", ""polarity"": ""positive"", ""evidence_span"": ""awesome for cleaning out a mucky lake"", ""evidence_level"": ""certain""}, {""key"": ""aesthetics"", ""polarity"": ""positive"", ""evidence_span"": ""Everyone that sees me wearing them wants a pair"", ""evidence_level"": ""certain""}]","[{""key"": ""易用性"", ""polarity"": ""正面"", ""evidence_span"": ""清理浑浊湖泊的绝佳工具"", ""evidence_level"": ""确定""}, {""key"": ""外观设计"", ""polarity"": ""正面"", ""evidence_span"": ""每个看到我穿它们的人都想要一双"", ""evidence_level"": ""确定""}]",[],"[""great for cleaning mucky lakes"", ""attracts attention""]",certain,ai_pending_review,,
"They are not insulated so it the winter months be sure and wear warm clothing underneath, but other than that they are great",它们不保暖，所以冬天穿的时候一定要在里面穿上保暖的衣服，但除此之外，它们很棒。,5,Wader,2025/5/16,positive,"[{""key"": ""comfort"", ""polarity"": ""negative"", ""evidence_span"": ""not insulated so it the winter months be sure and wear warm clothing underneath"", ""evidence_level"": ""certain""}]","[{""key"": ""穿着舒适度"", ""polarity"": ""负面"", ""evidence_span"": ""not insulated so it the winter months be sure and wear warm clothing underneath"", ""evidence_level"": ""确定""}]","[""not insulated for winter""]","[""great overall""]",certain,reviewed,"AI Aspects: ""not insulated...wear warm clothing underneath"" 更适合 {key: ""comfort"", polarity: ""negative""}，不建议用 other；""other than that they are great"" 太泛，other positive 可移除。",
"great for the price. caught 5 large salmon, Tippy Dam, Michigan",性价比很高。在密歇根州蒂皮大坝钓到了5条大鲑鱼。,5,Wader,2024/10/25,positive,"[{""key"": ""value_for_money"", ""polarity"": ""positive"", ""evidence_span"": ""great for the price"", ""evidence_level"": ""certain""}]","[{""key"": ""性价比"", ""polarity"": ""正面"", ""evidence_span"": ""性价比很高"", ""evidence_level"": ""确定""}]",[],"[""caught 5 large salmon""]",certain,ai_pending_review,,
The good news.  These waders appear to be a quality product for the price point.  The bad news is they run at least 1 size too small.  I wear size 14 and ordered 14 since the vendor states they run true to size.  See attached pictures.  Their 14 is at best a 12.,好消息是，这款涉水裤在这个价位上看起来质量不错。坏消息是它们至少小了一码。我穿14码，但根据卖家说尺码标准，我订了14码。请看附上的图片。他们的14码最多相当于12码。,3,Wader,2025/6/26,neutral,"[{""key"": ""size_fit"", ""polarity"": ""negative"", ""evidence_span"": ""they run at least 1 size too small"", ""evidence_level"": ""certain""}, {""key"": ""value_for_money"", ""polarity"": ""positive"", ""evidence_span"": ""quality product for the price point"", ""evidence_level"": ""certain""}]","[{""key"": ""尺寸合脚性"", ""polarity"": ""负面"", ""evidence_span"": ""它们至少小了一个尺码"", ""evidence_level"": ""确定""}, {""key"": ""性价比"", ""polarity"": ""正面"", ""evidence_span"": ""在这个价位上质量不错"", ""evidence_level"": ""确定""}]","[""runs small"", ""size discrepancy""]","[""good value for price""]",certain,ai_pending_review,,
Waders leaked along the legg seams first time I used them.,第一次使用，涉水裤的裤腿接缝处就漏水了。,1,Wader,2025/6/16,negative,"[{""key"": ""waterproof"", ""polarity"": ""negative"", ""evidence_span"": ""Waders leaked along the legg seams first time I used them."", ""evidence_level"": ""certain""}, {""key"": ""build_quality"", ""polarity"": ""negative"", ""evidence_span"": ""leaked along the legg seams"", ""evidence_level"": ""certain""}]","[{""key"": ""防水性"", ""polarity"": ""负面"", ""evidence_span"": ""第一次使用，涉水裤就在裤腿接缝处漏水了。"", ""evidence_level"": ""确定""}, {""key"": ""做工"", ""polarity"": ""负面"", ""evidence_span"": ""裤腿接缝处漏水"", ""evidence_level"": ""确定""}]","[""Leaking seams on first use""]",[],certain,ai_pending_review,,
"I'm a hefty 200lb, 5'5"" lady. I wear a women's shoe size 8, but I got the size 9s, cause I read they run small. I'm a wildlife rescue volunteer and we had to get some domestic ducks out of a Very muddy pond so they could clean it.Pros: They fit my fatness, boobs and all. The belt part really helps. I was worried when I saw how long the leg parts were compared to my shorter legs, but with adjustment, I was able to say no to the ""toe!"" The boots were a bit loose, but the ankle part was snug enough to keep them from flopping off. PLUS: they have a little heel ridge thingie that helps you pry them loose with the opposite foot, so you don't have to touch gooey boots! They also have a handy inward-facing flap pocket, which was awesome to carry my knife for cutting rope. And they didn't rip or leak.Cons: If you're using one of those dumb ""fishing tubes,"" Don't Tip Backwards! I was doing really well until I lost my balance and tipped backwards, legs sprawled forward, and the water rushed in! Eeek! Bending over makes the back pull down. Lesson learned. Also, I do not recommend these for water-based aerobics, yoga, or karate. They don't stretch and I'd be worried they'd rip if you bend too far. Normally, I can touch my toes, in these, I can only bend halfway down. Also- No Squats!I highly recommend wearing sweat-wicking pants and shirt underneath, as you will most-likely get sweaty inside.In the end, we caught the ducks and took them to safety, and I looked no more silly than the other volunteers getting stuck in the mud! Success!",我是个身高5英尺5英寸、体重200磅的丰满女士。我穿女鞋8码，但买了9码，因为看到评论说尺码偏小。我是野生动物救援志愿者，我们需要把一些家鸭从一个非常泥泞的池塘里救出来，以便清理池塘。优点：它们适合我的体型，包括胸部和所有部位。腰带部分很有帮助。一开始看到裤腿长度相对于我的短腿来说很长，我有点担心，但调整后，我成功避免了“脚趾”问题！靴子有点松，但脚踝部分足够紧，不会脱落。另外：靴子后跟有个小凸起，可以用另一只脚把它撬下来，这样就不用碰黏糊糊的靴子了！还有一个方便的内向 flap 口袋，非常适合放我的刀来割绳子。而且它们没有撕裂或漏水。缺点：如果你用那种愚蠢的“钓鱼管”，千万别向后倒！我本来做得很好，直到失去平衡向后倒，腿向前伸，水就灌进来了！哎呀！弯腰时背部会往下拉。吸取教训了。另外，我不推荐用于水上健身操、瑜伽或空手道。它们没有弹性，我担心弯腰过度会撕裂。通常我能摸到脚趾，但穿着它们只能弯到一半。还有——别做深蹲！我强烈建议在里面穿吸湿排汗的裤子和衬衫，因为你很可能会出汗。最后，我们抓住了鸭子并把它们带到安全的地方，我看起来并不比那些陷在泥里的其他志愿者更傻！成功！,5,Wader,2025/1/13,positive,"[{""key"": ""size_fit"", ""polarity"": ""positive"", ""evidence_span"": ""They fit my fatness, boobs and all. The belt part really helps."", ""evidence_level"": ""certain""}, {""key"": ""comfort"", ""polarity"": ""positive"", ""evidence_span"": ""the ankle part was snug enough to keep them from flopping off"", ""evidence_level"": ""certain""}, {""key"": ""durability"", ""polarity"": ""positive"", ""evidence_span"": ""they didn't rip or leak"", ""evidence_level"": ""certain""}, {""key"": ""ease_of_use"", ""polarity"": ""positive"", ""evidence_span"": ""they have a little heel ridge thingie that helps you pry them loose"", ""evidence_level"": ""certain""}, {""key"": ""comfort"", ""polarity"": ""negative"", ""evidence_span"": ""They don't stretch...No Squats"", ""evidence_level"": ""certain""}, {""key"": ""breathability"", ""polarity"": ""negative"", ""evidence_span"": ""get sweaty inside"", ""evidence_level"": ""certain""}]","[{""key"": ""尺寸合脚性"", ""polarity"": ""正面"", ""evidence_span"": ""They fit my fatness, boobs and all. The belt part really helps."", ""evidence_level"": ""确定""}, {""key"": ""穿着舒适度"", ""polarity"": ""正面"", ""evidence_span"": ""the ankle part was snug enough to keep them from flopping off"", ""evidence_level"": ""确定""}, {""key"": ""耐用性"", ""polarity"": ""正面"", ""evidence_span"": ""they didn't rip or leak"", ""evidence_level"": ""确定""}, {""key"": ""易用性"", ""polarity"": ""正面"", ""evidence_span"": ""they have a little heel ridge thingie that helps you pry them loose"", ""evidence_level"": ""确定""}, {""key"": ""穿着舒适度"", ""polarity"": ""负面"", ""evidence_span"": ""They don't stretch...No Squats"", ""evidence_level"": ""确定""}, {""key"": ""透气性"", ""polarity"": ""负面"", ""evidence_span"": ""get sweaty inside"", ""evidence_level"": ""确定""}]","[""Not suitable for bending or squatting"", ""Water rushes in if tipped backwards"", ""Gets sweaty inside""]","[""Fits larger body types well"", ""Snug ankle prevents flopping"", ""Handy pocket and boot removal feature""]",certain,reviewed,"AI Aspects: 不建议把 ""Don't Tip Backwards...water rushed in"" 标为 waterproof negative，这是跌倒后从顶部进水，不是防水失败；可补 {key: ""comfort"", polarity: ""negative"", evidence_span: ""They don't stretch...No Squats"", evidence_level: ""certain""} 和 {key: ""breathability"", polarity: ""negative"", evidence_span: ""get sweaty inside"", evidence_level: ""certain""}。",
"Though I ordered these in 10/24, today was the first day I used them. I was bummed to find that they are not water tight, as water leaked in and got me wet. If they were in the return period, I would send them back. Very uncomfortable boots.",虽然我在10月24日订购了这些，但今天是我第一次使用。我很失望地发现它们不防水，因为水渗进来把我弄湿了。如果还在退货期内，我会把它们退回去。靴子非常不舒服。,1,Wader,2025/4/20,negative,"[{""key"": ""waterproof"", ""polarity"": ""negative"", ""evidence_span"": ""they are not water tight, as water leaked in and got me wet"", ""evidence_level"": ""certain""}, {""key"": ""comfort"", ""polarity"": ""negative"", ""evidence_span"": ""Very uncomfortable boots"", ""evidence_level"": ""certain""}]","[{""key"": ""防水性"", ""polarity"": ""负面"", ""evidence_span"": ""它们不防水，因为水渗进来把我弄湿了。"", ""evidence_level"": ""确定""}, {""key"": ""穿着舒适度"", ""polarity"": ""负面"", ""evidence_span"": ""非常不舒服的靴子。"", ""evidence_level"": ""确定""}]","[""Not waterproof"", ""Uncomfortable""]",[],certain,ai_pending_review,,
"I use waders to be able to wade in the lake or river with my dogs.  I previously had heavy rubber chest waders for years, so it is such a pleasure to be able to walk around comfortably in these lightweight waders.  They are nice and roomy and I appreciated the velcro pocket in the front for my phone and dog treats.  :-DThe price is right, too!  I can't speak to longevity of the product yet, but I wore it in the lake for 10 days and had no issues at all.",我穿涉水裤是为了能和我的狗在湖里或河里涉水。我以前穿了好几年厚重的橡胶胸式涉水裤，所以能穿着这些轻便的涉水裤舒适地走动真是太棒了。它们宽敞舒适，我很喜欢前面的魔术贴口袋，可以放手机和狗零食。:-D 价格也很合适！我还不能评价它的耐用性，但我在湖里穿了10天，完全没有问题。,5,Wader,2024/10/18,positive,"[{""key"": ""weight"", ""polarity"": ""positive"", ""evidence_span"": ""lightweight waders"", ""evidence_level"": ""certain""}, {""key"": ""comfort"", ""polarity"": ""positive"", ""evidence_span"": ""walk around comfortably"", ""evidence_level"": ""certain""}, {""key"": ""size_fit"", ""polarity"": ""positive"", ""evidence_span"": ""nice and roomy"", ""evidence_level"": ""certain""}, {""key"": ""ease_of_use"", ""polarity"": ""positive"", ""evidence_span"": ""velcro pocket in the front for my phone and dog treats"", ""evidence_level"": ""certain""}, {""key"": ""value_for_money"", ""polarity"": ""positive"", ""evidence_span"": ""The price is right"", ""evidence_level"": ""certain""}, {""key"": ""waterproof"", ""polarity"": ""positive"", ""evidence_span"": ""wore it in the lake for 10 days and had no issues at all"", ""evidence_level"": ""probable""}]","[{""key"": ""重量"", ""polarity"": ""正面"", ""evidence_span"": ""lightweight waders"", ""evidence_level"": ""确定""}, {""key"": ""穿着舒适度"", ""polarity"": ""正面"", ""evidence_span"": ""walk around comfortably"", ""evidence_level"": ""确定""}, {""key"": ""尺寸合脚性"", ""polarity"": ""正面"", ""evidence_span"": ""nice and roomy"", ""evidence_level"": ""确定""}, {""key"": ""易用性"", ""polarity"": ""正面"", ""evidence_span"": ""velcro pocket in the front for my phone and dog treats"", ""evidence_level"": ""确定""}, {""key"": ""性价比"", ""polarity"": ""正面"", ""evidence_span"": ""The price is right"", ""evidence_level"": ""确定""}, {""key"": ""防水性"", ""polarity"": ""正面"", ""evidence_span"": ""wore it in the lake for 10 days and had no issues at all"", ""evidence_level"": ""推测""}]",[],"[""lightweight"", ""comfortable"", ""roomy fit"", ""convenient pocket"", ""good value""]",certain,reviewed,"AI Aspects: 可补 {key: ""waterproof"", polarity: ""positive"", evidence_span: ""wore it in the lake for 10 days and had no issues at all"", evidence_level: ""probable""}。",
I got waders and went down to river with in 5 min boot had water in it. Very disappointed,我买了涉水裤，下到河里5分钟内靴子里就进水了。非常失望。,1,Wader,2024/9/30,negative,"[{""key"": ""waterproof"", ""polarity"": ""negative"", ""evidence_span"": ""boot had water in it"", ""evidence_level"": ""certain""}]","[{""key"": ""防水性"", ""polarity"": ""负面"", ""evidence_span"": ""靴子里进了水"", ""evidence_level"": ""确定""}]","[""Failed waterproofing immediately""]",[],certain,ai_pending_review,,
"The boot foot chest wader was hard to put on and hard to dry. The rubber was not durable and it broke easily. The pockets were too small and the suit itself was tight. When I put on the suit, it was very cold and uncomfortable.",这款靴式胸式涉水裤很难穿上，也很难晾干。橡胶不耐用，容易破损。口袋太小，衣服本身也很紧。穿上后非常冷且不舒服。,1,Wader,2024/9/29,negative,"[{""key"": ""ease_of_use"", ""polarity"": ""negative"", ""evidence_span"": ""hard to put on and hard to dry"", ""evidence_level"": ""certain""}, {""key"": ""durability"", ""polarity"": ""negative"", ""evidence_span"": ""rubber was not durable and it broke easily"", ""evidence_level"": ""certain""}, {""key"": ""size_fit"", ""polarity"": ""negative"", ""evidence_span"": ""suit itself was tight"", ""evidence_level"": ""certain""}, {""key"": ""comfort"", ""polarity"": ""negative"", ""evidence_span"": ""very cold and uncomfortable"", ""evidence_level"": ""certain""}]","[{""key"": ""易用性"", ""polarity"": ""负面"", ""evidence_span"": ""难穿又难干"", ""evidence_level"": ""确定""}, {""key"": ""耐用性"", ""polarity"": ""负面"", ""evidence_span"": ""橡胶不耐用，容易破损"", ""evidence_level"": ""确定""}, {""key"": ""尺寸合脚性"", ""polarity"": ""负面"", ""evidence_span"": ""西装本身很紧"", ""evidence_level"": ""确定""}, {""key"": ""穿着舒适度"", ""polarity"": ""负面"", ""evidence_span"": ""非常冷且不舒服"", ""evidence_level"": ""确定""}]","[""Hard to put on"", ""Hard to dry"", ""Rubber broke easily"", ""Tight fit"", ""Cold and uncomfortable""]",[],certain,ai_pending_review,,
"I ordered this item a total of three times and wound up returning them all. The waders fit well and will keep you dry. The addition of the phone case, hanger, and repair kit is nice too. My first set ripped on the leg the second night I took em out. Amazon replaced them no problem. My issue with this brand was the outer pocket. Regardless of the flap, contents got wet with the two sets I had no matter what. I never had the water go above the  belt line. Not sure how that was possible. The other thing I didn’t like was the rigidity of the boots. Very stiff. When you are in the water, the compression of the boots to your skin will definitely be uncomfortable after a few hours. Overall not a bad product but I had to switch to a different brand.",这个商品我一共订了三次，最后都退掉了。涉水裤合身且能保持干爽。附带手机壳、衣架和修补包也不错。我的第一条在第二次穿的时候裤腿就撕裂了。亚马逊毫无问题地更换了。我对这个品牌的不满在于外口袋。不管 flap 如何，我用的两条涉水裤里的东西都会湿。水从未超过腰带线。不知道怎么会这样。另一个我不喜欢的是靴子的硬度。非常硬。在水里待几个小时后，靴子对皮肤的压迫肯定会不舒服。总的来说不是差产品，但我不得不换其他品牌。,3,Wader,2024/9/8,neutral,"[{""key"": ""waterproof"", ""polarity"": ""positive"", ""evidence_span"": ""will keep you dry"", ""evidence_level"": ""certain""}, {""key"": ""size_fit"", ""polarity"": ""positive"", ""evidence_span"": ""fit well"", ""evidence_level"": ""certain""}, {""key"": ""durability"", ""polarity"": ""negative"", ""evidence_span"": ""first set ripped on the leg the second night"", ""evidence_level"": ""certain""}, {""key"": ""comfort"", ""polarity"": ""negative"", ""evidence_span"": ""compression of the boots to your skin will definitely be uncomfortable"", ""evidence_level"": ""certain""}, {""key"": ""customer_service"", ""polarity"": ""positive"", ""evidence_span"": ""Amazon replaced them no problem"", ""evidence_level"": ""certain""}, {""key"": ""waterproof"", ""polarity"": ""negative"", ""evidence_span"": ""contents got wet with the two sets"", ""evidence_level"": ""certain""}, {""key"": ""ease_of_use"", ""polarity"": ""positive"", ""evidence_span"": ""phone case, hanger, and repair kit is nice"", ""evidence_level"": ""certain""}]","[{""key"": ""防水性"", ""polarity"": ""正面"", ""evidence_span"": ""will keep you dry"", ""evidence_level"": ""确定""}, {""key"": ""尺寸合脚性"", ""polarity"": ""正面"", ""evidence_span"": ""fit well"", ""evidence_level"": ""确定""}, {""key"": ""耐用性"", ""polarity"": ""负面"", ""evidence_span"": ""first set ripped on the leg the second night"", ""evidence_level"": ""确定""}, {""key"": ""穿着舒适度"", ""polarity"": ""负面"", ""evidence_span"": ""compression of the boots to your skin will definitely be uncomfortable"", ""evidence_level"": ""确定""}, {""key"": ""客服服务"", ""polarity"": ""正面"", ""evidence_span"": ""Amazon replaced them no problem"", ""evidence_level"": ""确定""}, {""key"": ""防水性"", ""polarity"": ""负面"", ""evidence_span"": ""contents got wet with the two sets"", ""evidence_level"": ""确定""}, {""key"": ""易用性"", ""polarity"": ""正面"", ""evidence_span"": ""phone case, hanger, and repair kit is nice"", ""evidence_level"": ""确定""}]","[""outer pocket lets water in"", ""boots are very stiff and uncomfortable"", ""waders ripped after second use""]","[""good fit and waterproof"", ""includes phone case, hanger, repair kit"", ""easy Amazon replacement""]",certain,reviewed,"AI Aspects: 漏标口袋进水问题: {key: ""waterproof"", polarity: ""negative"", evidence_span: ""contents got wet with the two sets"", evidence_level: ""certain""}; 也可补 {key: ""ease_of_use"", polarity: ""positive"", evidence_span: ""phone case, hanger, and repair kit is nice"", evidence_level: ""certain""}。",
Product came used with mud marks.,产品到货时已使用过，上面有泥渍。,1,Wader,2025/7/13,negative,"[{""key"": ""shipping_damage"", ""polarity"": ""negative"", ""evidence_span"": ""came used with mud marks"", ""evidence_level"": ""certain""}]","[{""key"": ""运输损坏"", ""polarity"": ""负面"", ""evidence_span"": ""收到时是二手的，带有泥渍"", ""evidence_level"": ""确定""}]","[""Product arrived used and dirty""]",[],certain,ai_pending_review,,
"I just opened the box and tried them on! This is my first impression Im a Salmon fishermen born and raised in Alaska and now fish along the Oregon coast and have 60 plus years of fishing experience and  I fish where chest waders are a must because of the Ocean surf. I'm tired of paying for expensive waders only to get one season out of them. There's nothing worse than leaky waders only to have to put them on the next day cold and wet. Its not fun being wet and uncomfortable. So I purchased these budget waders in hope's of just getting one season out of them. Lets get to it! The packaging was nice and done well after opening the box and plastic bag I could smell the out gasing of the PVC material so you might want to hang them in your garage and not in your clothes closet or you might be in the dog house. The materials however look pretty good the shoulder straps are wide and fully adjustable nice buckles along with the waist belt. There is a small front pocket maybe to hold your fishing License or cell phone. Im 6'-2"" tall and weigh 250 pounds dressed and have size a 13 D foot so I followed the size recommendation and ordered one size larger a 14 however the boots are snug and aren't wide I dont have much room for two socks so think about that if you're standing in really cold water could be a issue. The boots themselves are very Flimsy and aren't made for rough terrain but for sand bars and small sized gravel they will be fine. The boot tread are good and should work. So the overall fit of the waders are really smaller than described the inseam length is alot shorter and the bend at the knees are tighter than I like so sitting down is snug in the legs but it's just ok. The total height of the waders are ok and I would say they are designed for a Slender skinny guys without a beer belly or if your planning to wear alot of heavy clothes underneath these they might not be for you. Also something to consider is these waders don't breathe so if your planning to use them in a warm climate you may sweat alot however the waders should work fine in cooler waters and rainy days also they do weigh about six pounds. These waders aren't for bush wacking but for open areas. So tomorrow I will give these babies the water test and see how they do and will post my findings feel free to ask me questions I would be happy to help. I hope my Experiment worksInexpensive waiters every year. For the price point and what Im seeing so far these might be a hook up.. 2nd entry (The Water Test) well after spending the last five days in the ocean surf fishing the waders have Moisture inside both legs and boots my socks are damp and my pants also are damp. Its really hard to tell if its water weeping into the waders thru the fabric or sweat do to full sun exposure and exercise. but here we are again with damp waders hmmmm its not what I had in mind but Im not Soaking wet either and the waders seem to dry overnight which is good thing, I pulled the upper legs down to the boot tops for maximum ventilation. Im reducing the rating to 3 stars and will try to get another 30 days out of them hopefully. I will date when I have more input. Good luck!",我刚打开盒子试穿了一下！这是我的第一印象。我是一名鲑鱼渔民，在阿拉斯加出生和长大，现在在俄勒冈海岸捕鱼，有60多年的捕鱼经验。我在必须穿胸式涉水裤的地方捕鱼，因为海浪很大。我厌倦了花大价钱买昂贵的涉水裤，却只能用一季。没有什么比涉水裤漏水更糟糕的了，第二天还得穿上又冷又湿的裤子。又湿又不舒服，一点也不好玩。所以我买了这条预算款涉水裤，希望能用一季就行。开始吧！包装很好，打开盒子和塑料袋后，我能闻到PVC材料的气味，所以你可能想把它挂在车库里，而不是衣柜里，否则可能会被赶出家门。不过材料看起来不错，肩带很宽，可完全调节，搭扣和腰带都很好。有一个小前袋，也许可以放钓鱼证或手机。我身高6英尺2英寸，体重250磅，穿13D码的鞋，所以我按照尺码建议买大了一码，14码，但靴子很紧，不宽，我没有太多空间穿两双袜子，所以如果你站在非常冷的水里，这可能是个问题。靴子本身非常脆弱，不适合崎岖地形，但在沙洲和小砾石上没问题。靴底花纹不错，应该能用。整体合身度比描述的要小得多，内缝长度短很多，膝盖弯曲处比我喜欢的要紧，所以坐下时腿部有点紧，但还可以。涉水裤的总高度还行，我觉得它们是设计给身材苗条、没有啤酒肚的人穿的，或者如果你打算在里面穿很多厚衣服，可能不适合你。另外需要注意的是，这些涉水裤不透气，所以如果你打算在温暖的气候中使用，可能会出很多汗，但在较冷的水中和雨天应该没问题，它们重约六磅。这些涉水裤不适合在灌木丛中穿行，只适合开阔区域。所以明天我会给它们做防水测试，看看效果如何，然后发布我的发现。有问题可以问我，我很乐意帮忙。希望我的实验能成功——每年买便宜的涉水裤。就价格和我目前看到的而言，这些可能是个不错的选择。第二次记录（防水测试）：在海洋冲浪钓鱼五天后，涉水裤两条腿和靴子内部都有湿气，我的袜子和裤子都湿了。很难判断是水通过面料渗入涉水裤，还是因为阳光直射和运动出汗。但再次遇到湿涉水裤，嗯……这不是我想要的，但我也没有完全湿透，涉水裤似乎一夜之间就干了，这是好事。我把裤腿上部拉到靴子顶部，以获得最大通风。我把评分降到3星，希望能再用30天。有更多信息时我会更新。祝好运！,3,Wader,2024/9/8,neutral,"[{""key"": ""packaging"", ""polarity"": ""positive"", ""evidence_span"": ""The packaging was nice and done well"", ""evidence_level"": ""certain""}, {""key"": ""material"", ""polarity"": ""positive"", ""evidence_span"": ""The materials however look pretty good"", ""evidence_level"": ""certain""}, {""key"": ""size_fit"", ""polarity"": ""negative"", ""evidence_span"": ""the boots are snug and aren't wide"", ""evidence_level"": ""certain""}, {""key"": ""build_quality"", ""polarity"": ""negative"", ""evidence_span"": ""The boots themselves are very Flimsy"", ""evidence_level"": ""certain""}, {""key"": ""grip"", ""polarity"": ""positive"", ""evidence_span"": ""The boot tread are good and should work"", ""evidence_level"": ""certain""}, {""key"": ""waterproof"", ""polarity"": ""negative"", ""evidence_span"": ""Moisture inside both legs and boots"", ""evidence_level"": ""probable""}, {""key"": ""breathability"", ""polarity"": ""negative"", ""evidence_span"": ""these waders don't breathe...sweat alot"", ""evidence_level"": ""certain""}]","[{""key"": ""包装"", ""polarity"": ""正面"", ""evidence_span"": ""The packaging was nice and done well"", ""evidence_level"": ""确定""}, {""key"": ""材质"", ""polarity"": ""正面"", ""evidence_span"": ""The materials however look pretty good"", ""evidence_level"": ""确定""}, {""key"": ""尺寸合脚性"", ""polarity"": ""负面"", ""evidence_span"": ""the boots are snug and aren't wide"", ""evidence_level"": ""确定""}, {""key"": ""做工质量"", ""polarity"": ""负面"", ""evidence_span"": ""The boots themselves are very Flimsy"", ""evidence_level"": ""确定""}, {""key"": ""防滑性"", ""polarity"": ""正面"", ""evidence_span"": ""The boot tread are good and should work"", ""evidence_level"": ""确定""}, {""key"": ""防水性"", ""polarity"": ""负面"", ""evidence_span"": ""Moisture inside both legs and boots"", ""evidence_level"": ""推测""}, {""key"": ""透气性"", ""polarity"": ""负面"", ""evidence_span"": ""these waders don't breathe...sweat alot"", ""evidence_level"": ""确定""}]","[""Snug boots not wide enough"", ""Flimsy boots for rough terrain"", ""PVC smell outgassing""]","[""Nice packaging"", ""Good materials and adjustable straps"", ""Decent boot tread""]",certain,reviewed,"AI Aspects: 漏标后续 Water Test 核心问题: 可补 {key: ""waterproof"", polarity: ""negative"", evidence_span: ""Moisture inside both legs and boots"", evidence_level: ""probable""} 或 {key: ""breathability"", polarity: ""negative"", evidence_span: ""these waders don't breathe...sweat alot"", evidence_level: ""certain""}; material 同时有 PVC 气味负面，当前只标 positive 不完整。",
"Fit me well.  I’m about 5’ 8” and weigh about 180 lbs.  My shoe size is 9 1/2, and I bought a wader boot size of 10.  They fit fine.  I tried them out, and they worked good.",很合身。我身高约5英尺8英寸，体重约180磅。鞋码是9.5，我买了10码的涉水靴。穿着合适。我试了一下，效果不错。,5,Wader,2025/7/23,positive,"[{""key"": ""size_fit"", ""polarity"": ""positive"", ""evidence_span"": ""Fit me well. ... They fit fine."", ""evidence_level"": ""certain""}]","[{""key"": ""尺寸合脚性"", ""polarity"": ""正面"", ""evidence_span"": ""很合脚。……它们穿着合适。"", ""evidence_level"": ""确定""}]",[],"[""Good fit for size 10""]",certain,ai_pending_review,,
"I bought these for my daughter to go razor clamming for the first time and they worked great!We did all the measurements for the sizing and everything fit exactly as it should.She stayed dry and comfy and warm on those night digs and was by far the most stylish on the beach.So far they haven't leaked at all and they have taken the abuse, we will see what happens come first of the year as we have a couple more digs to do.Great purchase for kids though, they grow out of stuff so fast that you don't want to spend a fortune and these are the solution. They do have lifetime warranty though so we will see if it will make it through both my kids haha",我给我女儿买了这个，让她第一次去挖蛤蜊，效果很好！我们按照尺码测量，一切都非常合身。她在夜间挖掘时保持干爽、舒适和温暖，而且是海滩上最时尚的。到目前为止，它们完全没有漏水，也经受住了磨损，我们看看年初会怎么样，因为我们还有几次挖掘。对于孩子来说，这是很棒的购买，他们长得太快了，你不想花太多钱，而这就是解决方案。不过它们有终身保修，所以我们看看它能不能撑过我的两个孩子，哈哈。,5,Wader,2024/11/15,positive,"[{""key"": ""waterproof"", ""polarity"": ""positive"", ""evidence_span"": ""they haven't leaked at all"", ""evidence_level"": ""certain""}, {""key"": ""size_fit"", ""polarity"": ""positive"", ""evidence_span"": ""everything fit exactly as it should"", ""evidence_level"": ""certain""}, {""key"": ""comfort"", ""polarity"": ""positive"", ""evidence_span"": ""stayed dry and comfy and warm"", ""evidence_level"": ""certain""}, {""key"": ""aesthetics"", ""polarity"": ""positive"", ""evidence_span"": ""most stylish on the beach"", ""evidence_level"": ""certain""}, {""key"": ""durability"", ""polarity"": ""positive"", ""evidence_span"": ""taken the abuse"", ""evidence_level"": ""probable""}, {""key"": ""value_for_money"", ""polarity"": ""positive"", ""evidence_span"": ""you don't want to spend a fortune and these are the solution"", ""evidence_level"": ""certain""}, {""key"": ""customer_service"", ""polarity"": ""positive"", ""evidence_span"": ""lifetime warranty"", ""evidence_level"": ""certain""}]","[{""key"": ""防水性"", ""polarity"": ""正面"", ""evidence_span"": ""they haven't leaked at all"", ""evidence_level"": ""确定""}, {""key"": ""尺寸合脚性"", ""polarity"": ""正面"", ""evidence_span"": ""everything fit exactly as it should"", ""evidence_level"": ""确定""}, {""key"": ""穿着舒适度"", ""polarity"": ""正面"", ""evidence_span"": ""stayed dry and comfy and warm"", ""evidence_level"": ""确定""}, {""key"": ""外观设计"", ""polarity"": ""正面"", ""evidence_span"": ""most stylish on the beach"", ""evidence_level"": ""确定""}, {""key"": ""耐用性"", ""polarity"": ""正面"", ""evidence_span"": ""taken the abuse"", ""evidence_level"": ""推测""}, {""key"": ""性价比"", ""polarity"": ""正面"", ""evidence_span"": ""you don't want to spend a fortune and these are the solution"", ""evidence_level"": ""确定""}, {""key"": ""客服服务"", ""polarity"": ""正面"", ""evidence_span"": ""lifetime warranty"", ""evidence_level"": ""确定""}]",[],"[""great for kids"", ""lifetime warranty"", ""stylish and functional""]",certain,reviewed,"AI Aspects: 可补 {key: ""value_for_money"", polarity: ""positive"", evidence_span: ""you don't want to spend a fortune and these are the solution"", evidence_level: ""certain""}; 也可补 {key: ""customer_service"", polarity: ""positive"", evidence_span: ""lifetime warranty"", evidence_level: ""certain""}。",
Bought boots for a trout fishing trip.  First day put them on walked into the stream and ended up with a wet right foot.  Leaked right at the boot seam.  Total garbage,为钓鳟鱼旅行买了靴子。第一天穿上走进溪流，结果右脚湿了。在靴子接缝处漏水。完全是垃圾。,1,Wader,2025/5/3,negative,"[{""key"": ""waterproof"", ""polarity"": ""negative"", ""evidence_span"": ""ended up with a wet right foot. Leaked right at the boot seam."", ""evidence_level"": ""certain""}, {""key"": ""build_quality"", ""polarity"": ""negative"", ""evidence_span"": ""Leaked right at the boot seam. Total garbage"", ""evidence_level"": ""certain""}]","[{""key"": ""防水性"", ""polarity"": ""负面"", ""evidence_span"": ""结果右脚湿了。正好在靴子接缝处漏水。"", ""evidence_level"": ""确定""}, {""key"": ""做工"", ""polarity"": ""负面"", ""evidence_span"": ""正好在靴子接缝处漏水。完全是垃圾。"", ""evidence_level"": ""确定""}]","[""Boot leaked at seam on first use"", ""Wet foot while wading in stream""]",[],certain,ai_pending_review,,
Waders leaked from the crotch area upon first use. Was soaked after a short time.,涉水裤第一次使用就从裆部漏水。很快就湿透了。,1,Wader,2024/11/27,negative,"[{""key"": ""waterproof"", ""polarity"": ""negative"", ""evidence_span"": ""Waders leaked from the crotch area upon first use"", ""evidence_level"": ""certain""}, {""key"": ""build_quality"", ""polarity"": ""negative"", ""evidence_span"": ""leaked from the crotch area upon first use"", ""evidence_level"": ""certain""}]","[{""key"": ""防水性"", ""polarity"": ""负面"", ""evidence_span"": ""防水裤第一次使用就从裆部漏水"", ""evidence_level"": ""确定""}, {""key"": ""做工"", ""polarity"": ""负面"", ""evidence_span"": ""第一次使用就从裆部漏水"", ""evidence_level"": ""确定""}]","[""Leaked from crotch on first use"", ""Got soaked quickly""]",[],certain,ai_pending_review,,
"Item leaked first time I wore it, filled up whole leg. This was after the 30 day return policy on Amazon, so was directed to the seller. Seller wanted pictures of the leak and/or proof that it was leaking by putting a dry cloth and do some testing. This makes no sense. I'm willing to return item for them to do their own investigating. We'll see how this plays out, but that's my review so far. Be aware.",第一次穿就漏水，整条腿都灌满了水。这已经过了亚马逊30天退货期，所以被引导到卖家那里。卖家要求提供漏水照片和/或通过放干布进行测试来证明漏水。这毫无意义。我愿意退货让他们自己调查。我们看看结果如何，但这是我目前的评价。请注意。,1,Wader,2025/6/5,negative,"[{""key"": ""waterproof"", ""polarity"": ""negative"", ""evidence_span"": ""Item leaked first time I wore it, filled up whole leg."", ""evidence_level"": ""certain""}, {""key"": ""customer_service"", ""polarity"": ""negative"", ""evidence_span"": ""Seller wanted pictures of the leak and/or proof that it was leaking"", ""evidence_level"": ""certain""}]","[{""key"": ""防水性"", ""polarity"": ""负面"", ""evidence_span"": ""第一次穿就漏水，整条腿都灌满了水。"", ""evidence_level"": ""确定""}, {""key"": ""客服"", ""polarity"": ""负面"", ""evidence_span"": ""卖家要求提供漏水的照片和/或漏水证明。"", ""evidence_level"": ""确定""}]","[""Leaked on first use"", ""Poor customer service response""]",[],certain,ai_pending_review,,
Good enough fishing waders for the price.GOOD:-Keep me dryish for the most part.-Quick and easy to put on/take off.-Better soles/grip on the boots than I was expecting.-I wear size 14 shoes and these are appropriately sized with a little extra room for thick socks.NOT GOOD:-Wader material not super durable: Made it about a month before I snagged em on some thorns walking through the woods and now have a small leak somewhere between knee and hip on one side but it’s not bad enough to matter in the summer.-The seam where the boots attach to the waders is rough on the inside. Non-issue if youre wearing pants but when wearing shorts it rubbed my shins raw. Got some leggings to wear under my shorts in the summer and it’s fine.-Boot toe has no padding and toe box collapses in water. Gonna hurt if you kick a rock or catch a tree root. If you’re not standing on flat ground your toes are going to jam into the end of the boots which is uncomfortable.,这个价位的钓鱼涉水裤够用了。优点：-大部分时间能保持干爽。-穿脱快速方便。-靴底/抓地力比预期的好。-我穿14码鞋，这些尺码合适，还有一点空间穿厚袜子。缺点：-涉水裤材料不太耐用：大约一个月后，在树林里被荆棘钩住，现在一侧膝盖到臀部之间有个小漏水点，但夏天不太严重。-靴子与涉水裤连接处的接缝内侧粗糙。穿裤子没问题，但穿短裤时会磨到小腿。夏天在短裤下穿紧身裤就好了。-靴头没有衬垫，在水中靴头会塌陷。踢到石头或树根会很疼。如果不是站在平地上，脚趾会顶到靴子末端，很不舒服。,3,Wader,2025/7/21,neutral,"[{""key"": ""waterproof"", ""polarity"": ""positive"", ""evidence_span"": ""Keep me dryish for the most part"", ""evidence_level"": ""probable""}, {""key"": ""durability"", ""polarity"": ""negative"", ""evidence_span"": ""Made it about a month before I snagged em on some thorns"", ""evidence_level"": ""certain""}, {""key"": ""grip"", ""polarity"": ""positive"", ""evidence_span"": ""Better soles/grip on the boots than I was expecting"", ""evidence_level"": ""certain""}, {""key"": ""size_fit"", ""polarity"": ""positive"", ""evidence_span"": ""appropriately sized with a little extra room for thick socks"", ""evidence_level"": ""certain""}, {""key"": ""comfort"", ""polarity"": ""negative"", ""evidence_span"": ""rubbed my shins raw"", ""evidence_level"": ""certain""}, {""key"": ""ease_of_use"", ""polarity"": ""positive"", ""evidence_span"": ""Quick and easy to put on/take off"", ""evidence_level"": ""certain""}, {""key"": ""value_for_money"", ""polarity"": ""positive"", ""evidence_span"": ""Good enough fishing waders for the price"", ""evidence_level"": ""certain""}]","[{""key"": ""防水性"", ""polarity"": ""正面"", ""evidence_span"": ""Keep me dryish for the most part"", ""evidence_level"": ""推测""}, {""key"": ""耐用性"", ""polarity"": ""负面"", ""evidence_span"": ""Made it about a month before I snagged em on some thorns"", ""evidence_level"": ""确定""}, {""key"": ""防滑性"", ""polarity"": ""正面"", ""evidence_span"": ""Better soles/grip on the boots than I was expecting"", ""evidence_level"": ""确定""}, {""key"": ""尺寸合脚性"", ""polarity"": ""正面"", ""evidence_span"": ""appropriately sized with a little extra room for thick socks"", ""evidence_level"": ""确定""}, {""key"": ""穿着舒适度"", ""polarity"": ""负面"", ""evidence_span"": ""rubbed my shins raw"", ""evidence_level"": ""确定""}, {""key"": ""易用性"", ""polarity"": ""正面"", ""evidence_span"": ""Quick and easy to put on/take off"", ""evidence_level"": ""确定""}, {""key"": ""性价比"", ""polarity"": ""正面"", ""evidence_span"": ""Good enough fishing waders for the price"", ""evidence_level"": ""确定""}]","[""Material not durable, snags easily"", ""Seam rubs shins raw when wearing shorts"", ""Boot toe lacks padding, collapses in water""]","[""Good value for the price"", ""Easy to put on and take off"", ""Better grip than expected""]",certain,reviewed,"AI Aspects: 可补 {key: ""ease_of_use"", polarity: ""positive"", evidence_span: ""Quick and easy to put on/take off"", evidence_level: ""certain""} 和 {key: ""value_for_money"", polarity: ""positive"", evidence_span: ""Good enough fishing waders for the price"", evidence_level: ""certain""}。",
"I've now (10-1) used them quite a bit & upped to 5 stars. I originally went with 4 stars only because I have not used them fishing ... YET! I did try them on for size, tho'.THE FIT ... I am a senior male, about 190ish and 5' 8"" tall. My typical shoe size is a men's 9 but can sometimes be a 9-1/2 (US). Starting with a typical dress sock, the boots are roomy, but not too roomy. Their is certainly enough room for a warmer/winter type of sock. The inseam, or fit at the crotch, is just right and certainly NOT TOO long or nor too baggy ... pretty much GOLDILOCKS in that regard. Should the  boots prove adequate grip/slip wise for S/W shore fishing I'll upgrade stars to a 5. The feel and finish, certainly for the price is ... EXCELLENT, and YES ... they are light weight. Lastly,  The BROWN is appropriately subtle, not gaudy at all. Would buy again.",我现在（10月1日）用了很多次，升级到5星。最初只给4星，因为还没用它们钓鱼……还没！但我试穿了尺码。合身度：我是一名老年男性，体重约190磅，身高5英尺8英寸。通常穿男式9码鞋，有时9.5码（美国码）。穿普通袜子时，靴子宽松但不过分。肯定有空间穿保暖/冬季袜子。内缝或裆部合身度恰到好处，既不太长也不太松……在这方面非常完美。如果靴子在西南海岸钓鱼时抓地力足够，我会升级到5星。就价格而言，手感和做工非常出色，而且很轻。最后，棕色很合适，不花哨。会再买。,5,Wader,2025/9/14,positive,"[{""key"": ""size_fit"", ""polarity"": ""positive"", ""evidence_span"": ""the boots are roomy, but not too roomy"", ""evidence_level"": ""certain""}, {""key"": ""build_quality"", ""polarity"": ""positive"", ""evidence_span"": ""The feel and finish ... is ... EXCELLENT"", ""evidence_level"": ""certain""}, {""key"": ""weight"", ""polarity"": ""positive"", ""evidence_span"": ""they are light weight"", ""evidence_level"": ""certain""}, {""key"": ""aesthetics"", ""polarity"": ""positive"", ""evidence_span"": ""The BROWN is appropriately subtle, not gaudy at all"", ""evidence_level"": ""certain""}, {""key"": ""value_for_money"", ""polarity"": ""positive"", ""evidence_span"": ""certainly for the price is ... EXCELLENT"", ""evidence_level"": ""certain""}]","[{""key"": ""尺寸合脚性"", ""polarity"": ""正面"", ""evidence_span"": ""the boots are roomy, but not too roomy"", ""evidence_level"": ""确定""}, {""key"": ""做工质量"", ""polarity"": ""正面"", ""evidence_span"": ""The feel and finish ... is ... EXCELLENT"", ""evidence_level"": ""确定""}, {""key"": ""重量"", ""polarity"": ""正面"", ""evidence_span"": ""they are light weight"", ""evidence_level"": ""确定""}, {""key"": ""外观设计"", ""polarity"": ""正面"", ""evidence_span"": ""The BROWN is appropriately subtle, not gaudy at all"", ""evidence_level"": ""确定""}, {""key"": ""性价比"", ""polarity"": ""正面"", ""evidence_span"": ""certainly for the price is ... EXCELLENT"", ""evidence_level"": ""确定""}]",[],"[""light weight"", ""excellent fit"", ""good value for money""]",certain,reviewed,"AI Aspects: 当前 {key: ""comfort""} 的证据 ""The feel and finish...EXCELLENT"" 更像 build_quality/material；建议改为 {key: ""build_quality"", polarity: ""positive"", evidence_span: ""The feel and finish...EXCELLENT"", evidence_level: ""certain""}。",
Bought these in May on sale... used them for the first time today and my feet are soaked. ZERO STARS!,五月打折时买的……今天第一次用，脚全湿了。零星！,1,Wader,2024/11/15,negative,"[{""key"": ""waterproof"", ""polarity"": ""negative"", ""evidence_span"": ""my feet are soaked"", ""evidence_level"": ""certain""}]","[{""key"": ""防水性"", ""polarity"": ""负面"", ""evidence_span"": ""我的脚湿透了"", ""evidence_level"": ""确定""}]","[""Feet soaked after first use""]",[],certain,ai_pending_review,,
"I am a rock hound, and anybody that knows anything about going out to the beaches knows that you get into the water. These are great.  I will say seal these a little bit more. There is some leaking around some of the seams on the foot not a whole lot so it’s tolerable, but these are comfortable and they adjust and they’re a good value for the money they’re not as quite lightweight as I would like them to be on me but they’re good for the money and I take them on all of my trips to the beach when I know I’m gonna be getting into the water.",我是个岩石爱好者，任何懂行的人都知道去海滩得下水。这双靴子很棒。不过我得说，密封性可以再好一点。脚部有些接缝处会渗水，但不算严重，还能接受。它们穿着舒适，可调节，性价比高。虽然对我来说不是特别轻便，但物有所值。每次去海滩知道要下水时，我都会带上它们。,4,Wader,2025/5/2,positive,"[{""key"": ""waterproof"", ""polarity"": ""negative"", ""evidence_span"": ""There is some leaking around some of the seams on the foot"", ""evidence_level"": ""certain""}, {""key"": ""comfort"", ""polarity"": ""positive"", ""evidence_span"": ""these are comfortable"", ""evidence_level"": ""certain""}, {""key"": ""value_for_money"", ""polarity"": ""positive"", ""evidence_span"": ""good value for the money"", ""evidence_level"": ""certain""}, {""key"": ""weight"", ""polarity"": ""negative"", ""evidence_span"": ""not as quite lightweight as I would like"", ""evidence_level"": ""certain""}, {""key"": ""ease_of_use"", ""polarity"": ""positive"", ""evidence_span"": ""they adjust"", ""evidence_level"": ""certain""}]","[{""key"": ""防水性"", ""polarity"": ""负面"", ""evidence_span"": ""There is some leaking around some of the seams on the foot"", ""evidence_level"": ""确定""}, {""key"": ""穿着舒适度"", ""polarity"": ""正面"", ""evidence_span"": ""these are comfortable"", ""evidence_level"": ""确定""}, {""key"": ""性价比"", ""polarity"": ""正面"", ""evidence_span"": ""good value for the money"", ""evidence_level"": ""确定""}, {""key"": ""重量"", ""polarity"": ""负面"", ""evidence_span"": ""not as quite lightweight as I would like"", ""evidence_level"": ""确定""}, {""key"": ""易用性"", ""polarity"": ""正面"", ""evidence_span"": ""they adjust"", ""evidence_level"": ""确定""}]","[""leaking around seams"", ""heavier than desired""]","[""comfortable"", ""good value for money"", ""great for beach trips""]",certain,reviewed,"AI Aspects: 可补 {key: ""ease_of_use"", polarity: ""positive"", evidence_span: ""they adjust"", evidence_level: ""certain""}; 轻微渗水但整体 4 星且评价为 great，AI Sentiment positive 可接受。",
Don’t buy. It’s leaking. I use it for 1st time and I lost the return window.,别买。漏水。我第一次用就漏水，而且已经过了退货期。,1,Wader,2024/9/14,negative,"[{""key"": ""waterproof"", ""polarity"": ""negative"", ""evidence_span"": ""It’s leaking"", ""evidence_level"": ""certain""}]","[{""key"": ""防水性"", ""polarity"": ""负面"", ""evidence_span"": ""它在漏水"", ""evidence_level"": ""确定""}]","[""Leaks on first use"", ""Missed return window""]",[],certain,ai_pending_review,,
"These waders are awesome.  I have spent hundreds of dollars on other neoprene waders that continue to leak and lead to a less than optimal fishing experience.  These waders are lightweight and keep you dry.  They also dry out super quick between wears.  So far, I have had them for a couple weeks and I am completely satisfied.  Will they eventually tear?  Maybe but the price won't have me trying to pstch them.  I'll just get another pair.  I am thinking they will be lasting longer than my expensive waders.",这款涉水裤太棒了。我花了几百美元买其他氯丁橡胶涉水裤，结果总是漏水，影响钓鱼体验。这款涉水裤轻便又防水，而且干得特别快。我已经用了几个星期，非常满意。它们最终会破吗？也许吧，但价格便宜，我不会去修补，直接再买一条。我觉得它们比那些昂贵的涉水裤更耐用。,5,Wader,2025/6/13,positive,"[{""key"": ""waterproof"", ""polarity"": ""positive"", ""evidence_span"": ""keep you dry"", ""evidence_level"": ""certain""}, {""key"": ""weight"", ""polarity"": ""positive"", ""evidence_span"": ""lightweight"", ""evidence_level"": ""certain""}, {""key"": ""durability"", ""polarity"": ""positive"", ""evidence_span"": ""lasting longer than my expensive waders"", ""evidence_level"": ""probable""}, {""key"": ""value_for_money"", ""polarity"": ""positive"", ""evidence_span"": ""the price won't have me trying to pstch them"", ""evidence_level"": ""certain""}, {""key"": ""ease_of_use"", ""polarity"": ""positive"", ""evidence_span"": ""dry out super quick between wears"", ""evidence_level"": ""certain""}]","[{""key"": ""防水性"", ""polarity"": ""正面"", ""evidence_span"": ""keep you dry"", ""evidence_level"": ""确定""}, {""key"": ""重量"", ""polarity"": ""正面"", ""evidence_span"": ""lightweight"", ""evidence_level"": ""确定""}, {""key"": ""耐用性"", ""polarity"": ""正面"", ""evidence_span"": ""lasting longer than my expensive waders"", ""evidence_level"": ""推测""}, {""key"": ""性价比"", ""polarity"": ""正面"", ""evidence_span"": ""the price won't have me trying to pstch them"", ""evidence_level"": ""确定""}, {""key"": ""易用性"", ""polarity"": ""正面"", ""evidence_span"": ""dry out super quick between wears"", ""evidence_level"": ""确定""}]",[],"[""lightweight"", ""keeps you dry"", ""quick drying""]",certain,reviewed,"AI Aspects: 可补 {key: ""ease_of_use"", polarity: ""positive"", evidence_span: ""dry out super quick between wears"", evidence_level: ""certain""}。",
The fit is perfect from the chart.I wore these surf fishing in Washington and spent several hours up to my hips in cold ocean water.  I was comfortable and dry the entire time.,尺码表很准，穿着正合适。我在华盛顿穿着它冲浪钓鱼，在冰冷的海水里泡了几个小时，水深及腰，全程舒适干爽。,5,Wader,2024/9/2,positive,"[{""key"": ""size_fit"", ""polarity"": ""positive"", ""evidence_span"": ""The fit is perfect from the chart"", ""evidence_level"": ""certain""}, {""key"": ""waterproof"", ""polarity"": ""positive"", ""evidence_span"": ""I was comfortable and dry the entire time"", ""evidence_level"": ""certain""}, {""key"": ""comfort"", ""polarity"": ""positive"", ""evidence_span"": ""I was comfortable and dry the entire time"", ""evidence_level"": ""certain""}]","[{""key"": ""尺寸合脚性"", ""polarity"": ""正面"", ""evidence_span"": ""根据尺码表，合身度完美"", ""evidence_level"": ""确定""}, {""key"": ""防水性"", ""polarity"": ""正面"", ""evidence_span"": ""我全程都感到舒适干爽"", ""evidence_level"": ""确定""}, {""key"": ""穿着舒适度"", ""polarity"": ""正面"", ""evidence_span"": ""我全程都感到舒适干爽"", ""evidence_level"": ""确定""}]",[],"[""Perfect fit from chart"", ""Kept dry in cold ocean water""]",certain,ai_pending_review,,
"These are good quality.  I just used mine, and they kept the water out nicely!  There's a little breast pocket that I put my watch in.  There are cords to adjust how snugly they fit.  But I just wanted to pass on a few things:  Ladies, they tend to run smaller than the women's size advertised.  I purchased my size, and wearing them barefoot inside, my toes were hitting the front.  This was fine for what I needed them for - working in my pond, but a day of fishing would get uncomfortable.  Also, you might want to air them out a bit before using.  They emit a chemical when first opened, possibly vinyl chloride because it's like a new shower curtain smell.  I'm very chemical-sensitive, so I really notice these things.  I'm a tall, with a slightly middle-aged overweight body.  The fit was fine for me.  All in all, I would definitely recommend this product!  Four stars just because of the shoe size issue.",质量不错。我刚用过，防水效果很好！胸前有个小口袋，我放了手表。还有绳子可以调节松紧。但我想提醒几点：女士们，这款尺码偏小，比标注的女款尺寸要小。我买了自己的尺码，光脚穿进去，脚趾会顶到前面。对我来说在池塘里干活还行，但钓鱼一整天会不舒服。另外，使用前最好先晾一晾。刚打开时有股化学气味，可能是氯乙烯，像新浴帘的味道。我对化学物质很敏感，所以特别留意。我个子高，有点中年发福，穿着合身。总的来说，我会推荐这款产品！四星是因为鞋码问题。,4,Wader,2025/9/22,positive,"[{""key"": ""waterproof"", ""polarity"": ""positive"", ""evidence_span"": ""kept the water out nicely"", ""evidence_level"": ""certain""}, {""key"": ""size_fit"", ""polarity"": ""negative"", ""evidence_span"": ""they tend to run smaller than the women's size advertised"", ""evidence_level"": ""certain""}, {""key"": ""comfort"", ""polarity"": ""negative"", ""evidence_span"": ""a day of fishing would get uncomfortable"", ""evidence_level"": ""probable""}, {""key"": ""material"", ""polarity"": ""negative"", ""evidence_span"": ""They emit a chemical when first opened"", ""evidence_level"": ""certain""}, {""key"": ""build_quality"", ""polarity"": ""positive"", ""evidence_span"": ""These are good quality"", ""evidence_level"": ""certain""}, {""key"": ""ease_of_use"", ""polarity"": ""positive"", ""evidence_span"": ""breast pocket...cords to adjust"", ""evidence_level"": ""certain""}]","[{""key"": ""防水性"", ""polarity"": ""正面"", ""evidence_span"": ""kept the water out nicely"", ""evidence_level"": ""确定""}, {""key"": ""尺寸合脚性"", ""polarity"": ""负面"", ""evidence_span"": ""they tend to run smaller than the women's size advertised"", ""evidence_level"": ""确定""}, {""key"": ""穿着舒适度"", ""polarity"": ""负面"", ""evidence_span"": ""a day of fishing would get uncomfortable"", ""evidence_level"": ""推测""}, {""key"": ""材质"", ""polarity"": ""负面"", ""evidence_span"": ""They emit a chemical when first opened"", ""evidence_level"": ""确定""}, {""key"": ""做工质量"", ""polarity"": ""正面"", ""evidence_span"": ""These are good quality"", ""evidence_level"": ""确定""}, {""key"": ""易用性"", ""polarity"": ""正面"", ""evidence_span"": ""breast pocket...cords to adjust"", ""evidence_level"": ""确定""}]","[""runs small"", ""chemical smell"", ""uncomfortable for long wear""]","[""good waterproofing"", ""adjustable fit"", ""good quality""]",certain,reviewed,"AI Aspects: 可补 {key: ""ease_of_use"", polarity: ""positive"", evidence_span: ""breast pocket...cords to adjust"", evidence_level: ""certain""}。",
Have bought from this company for years and got the waders and they leak. Got them out of the box and went to the river and noticed my leg was getting wet from the waders leaking in the boot.,在这家公司买了好几年了，这次买的涉水裤漏水。刚拆箱就去河边，发现腿湿了，靴子部位漏水。,1,Wader,2025/4/6,negative,"[{""key"": ""waterproof"", ""polarity"": ""negative"", ""evidence_span"": ""they leak"", ""evidence_level"": ""certain""}, {""key"": ""build_quality"", ""polarity"": ""negative"", ""evidence_span"": ""waders leaking in the boot"", ""evidence_level"": ""certain""}]","[{""key"": ""防水性"", ""polarity"": ""负面"", ""evidence_span"": ""它们会漏水"", ""evidence_level"": ""确定""}, {""key"": ""做工"", ""polarity"": ""负面"", ""evidence_span"": ""涉水裤在靴子处漏水"", ""evidence_level"": ""确定""}]","[""Waders leak out of box"", ""Water enters through boot""]",[],certain,ai_pending_review,,
"Very budget oriented and low quality made waders. Used for 1 month and a dozen times. My right boot started leaking enough to completely fill up with water.  even though they state ""life time warranty"", there is no response from the company after filing a warranty claim.<br><br>Update:  After a couple of attempts, warranty was finally accepted.  Turns out they do not ship replacements to Canada so they were willing to refund my purchase on Amazon.  Stars are for warranty.",非常廉价、质量差的涉水裤。用了一个月，大概十几次。右靴开始漏水，水灌满了。虽然写着“终身保修”，但提交保修申请后公司毫无回应。<br><br>更新：试了几次后，保修终于通过了。但他们不寄到加拿大，所以愿意在亚马逊上退款。星星是给保修的。,4,Wader,2024/9/18,neutral,"[{""key"": ""waterproof"", ""polarity"": ""negative"", ""evidence_span"": ""My right boot started leaking enough to completely fill up with water"", ""evidence_level"": ""certain""}, {""key"": ""build_quality"", ""polarity"": ""negative"", ""evidence_span"": ""Very budget oriented and low quality made waders"", ""evidence_level"": ""certain""}, {""key"": ""durability"", ""polarity"": ""negative"", ""evidence_span"": ""Used for 1 month and a dozen times. My right boot started leaking"", ""evidence_level"": ""certain""}, {""key"": ""customer_service"", ""polarity"": ""negative"", ""evidence_span"": ""no response from the company after filing a warranty claim"", ""evidence_level"": ""certain""}, {""key"": ""customer_service"", ""polarity"": ""positive"", ""evidence_span"": ""warranty was finally accepted...refund"", ""evidence_level"": ""certain""}]","[{""key"": ""防水性"", ""polarity"": ""负面"", ""evidence_span"": ""My right boot started leaking enough to completely fill up with water"", ""evidence_level"": ""确定""}, {""key"": ""做工质量"", ""polarity"": ""负面"", ""evidence_span"": ""Very budget oriented and low quality made waders"", ""evidence_level"": ""确定""}, {""key"": ""耐用性"", ""polarity"": ""负面"", ""evidence_span"": ""Used for 1 month and a dozen times. My right boot started leaking"", ""evidence_level"": ""确定""}, {""key"": ""客服服务"", ""polarity"": ""负面"", ""evidence_span"": ""no response from the company after filing a warranty claim"", ""evidence_level"": ""确定""}, {""key"": ""客服服务"", ""polarity"": ""正面"", ""evidence_span"": ""warranty was finally accepted...refund"", ""evidence_level"": ""确定""}]","[""Boot leaked after 1 month"", ""No response to warranty claim initially"", ""No replacement shipping to Canada""]","[""Warranty eventually accepted"", ""Refund provided""]",certain,reviewed,"AI Sentiment: 建议 neutral/mixed（4星且更新后 warranty accepted/refund）；AI Aspects: customer_service 需补 positive evidence ""warranty was finally accepted...refund""；value_for_money negative 证据偏弱，主要问题是 build_quality/durability/waterproof 负面。",
"These are good-quality waders at a fair price.  I do surf fishing in California for striped bass.  I've gone through several pairs of more-expensive stocking-foot waders that always start leaking after a season or so.  I decided to give boot-foot waders a try.  I have used these new waders around 10 time so far and no leaks.  The quality seems really good and there are exterior and interior pockets that I use to hold my cell phone and car keys.  The wading belt and suspenders are nice and sturdy.  There is an included hanger to suspend the waders by the boots while drying.  I like boot foot vs. stocking foot since it is easier to rinse off the sand.  The only downside is that boot foot is not as comfortable as stocking foot.  My feet slide around a bit in the boots, which feels like it could cause a blister through my socks.  My older stocking-foot waders were more comfortable since I'd wear crocs over the stocking feet, which felt nice and snug.  I'm content with these boot foot.  I will still likely get a second pair of stocking foot for the times when I have a long hike to the fishing spot and need my feet to be more comfortable during that hike.  BTW if these waders start to leak I won't hesitate to buy another pair since they are so affordable.  I'm happy if the waders last a season or two.",这款涉水裤质量不错，价格合理。我在加州冲浪钓条纹鲈。之前用过几双更贵的袜套式涉水裤，但一季后就开始漏水。我决定试试靴式涉水裤。用了大约十次，还没漏水。质量看起来很好，内外口袋可以放手机和车钥匙。涉水腰带和背带很结实。还附带了挂钩，可以挂靴子晾干。我喜欢靴式，因为更容易冲掉沙子。缺点是靴式不如袜套式舒适。脚在靴子里有点滑动，感觉穿袜子可能会磨出水泡。之前袜套式的更舒服，因为我会在袜套外穿洞洞鞋，贴合又舒适。我对这款靴式还算满意。如果长途跋涉去钓鱼点，我可能还会再买一双袜套式，让脚更舒服。另外，如果这款涉水裤开始漏水，我会毫不犹豫再买一双，因为太划算了。能用一两个季度我就满足了。,4,Wader,2024/7/12,positive,"[{""key"": ""build_quality"", ""polarity"": ""positive"", ""evidence_span"": ""good-quality waders at a fair price"", ""evidence_level"": ""certain""}, {""key"": ""durability"", ""polarity"": ""positive"", ""evidence_span"": ""no leaks after 10 uses"", ""evidence_level"": ""probable""}, {""key"": ""ease_of_use"", ""polarity"": ""positive"", ""evidence_span"": ""exterior and interior pockets"", ""evidence_level"": ""certain""}, {""key"": ""comfort"", ""polarity"": ""negative"", ""evidence_span"": ""feet slide around, could cause blister"", ""evidence_level"": ""certain""}, {""key"": ""value_for_money"", ""polarity"": ""positive"", ""evidence_span"": ""so affordable, happy if lasts a season or two"", ""evidence_level"": ""certain""}, {""key"": ""waterproof"", ""polarity"": ""positive"", ""evidence_span"": ""around 10 time so far and no leaks"", ""evidence_level"": ""certain""}]","[{""key"": ""做工质量"", ""polarity"": ""正面"", ""evidence_span"": ""good-quality waders at a fair price"", ""evidence_level"": ""确定""}, {""key"": ""耐用性"", ""polarity"": ""正面"", ""evidence_span"": ""no leaks after 10 uses"", ""evidence_level"": ""推测""}, {""key"": ""易用性"", ""polarity"": ""正面"", ""evidence_span"": ""exterior and interior pockets"", ""evidence_level"": ""确定""}, {""key"": ""穿着舒适度"", ""polarity"": ""负面"", ""evidence_span"": ""feet slide around, could cause blister"", ""evidence_level"": ""确定""}, {""key"": ""性价比"", ""polarity"": ""正面"", ""evidence_span"": ""so affordable, happy if lasts a season or two"", ""evidence_level"": ""确定""}, {""key"": ""防水性"", ""polarity"": ""正面"", ""evidence_span"": ""around 10 time so far and no leaks"", ""evidence_level"": ""确定""}]","[""feet slide in boots"", ""less comfortable than stocking foot""]","[""good quality at fair price"", ""no leaks after 10 uses"", ""convenient pockets and hanger""]",certain,reviewed,"AI Aspects: 漏标 {key: ""waterproof"", polarity: ""positive"", evidence_span: ""around 10 time so far and no leaks"", evidence_level: ""certain""}; 当前 durability 用 no leaks 作证据更像 waterproof，durability 可用 ""happy if lasts a season or two"" 降为 probable。",
"I did finally get a hole, but it was from my own negligence, i drove my knee into a sharp stick while climbing up a hillside, i dont think any waders would have taken it well. However, the soles are durable and have really good tread, but the feel of them isnt the best, id get some insoles. The pvc is thin but does seem durable as i havent worn the knees or the butt out at all in the time ive had them (6 months or so, frequent river & creek fishing trips from summer into winter). I havent had any leakage until i had a dumby attack not too long ago, and if you layer up and wear your woolies you can still go duck hunting and fishing well into winter, ive used these in temps down to 8°F and been fine with the proper layers to go with, in the summer they arent too bad but you will probably end up sweating a good bit and not realize it till you take them off. Pretty sure sweating and waders go almost hand in hand when its above freezing out. I will say tho, since these are a one size fits all, im a bit smaller than average as far as my frame goes so the shoulder straps are always a little loose, but its not too bad",最后确实破了个洞，但是我自己不小心，爬坡时膝盖撞到尖树枝上，估计什么涉水裤都扛不住。不过鞋底很耐用，抓地力好，但脚感一般，建议加个鞋垫。PVC材质薄但耐用，用了六个月（从夏天到冬天频繁在河里钓鱼），膝盖和臀部都没磨损。直到最近一次意外才漏水。如果多穿几层保暖裤，冬天也能打野鸭和钓鱼。我在零下13°C用过，穿对衣服就没问题。夏天穿也不会太热，但会出不少汗，脱下来才发现。我觉得只要气温在零度以上，出汗和涉水裤几乎是标配。不过这款是均码，我身材偏小，肩带总是有点松，但还能接受。,4,Wader,2025/1/17,positive,"[{""key"": ""durability"", ""polarity"": ""positive"", ""evidence_span"": ""the soles are durable and have really good tread"", ""evidence_level"": ""certain""}, {""key"": ""grip"", ""polarity"": ""positive"", ""evidence_span"": ""really good tread"", ""evidence_level"": ""certain""}, {""key"": ""comfort"", ""polarity"": ""negative"", ""evidence_span"": ""the feel of them isnt the best, id get some insoles"", ""evidence_level"": ""certain""}, {""key"": ""breathability"", ""polarity"": ""negative"", ""evidence_span"": ""you will probably end up sweating a good bit"", ""evidence_level"": ""probable""}, {""key"": ""size_fit"", ""polarity"": ""negative"", ""evidence_span"": ""the shoulder straps are always a little loose"", ""evidence_level"": ""certain""}, {""key"": ""waterproof"", ""polarity"": ""positive"", ""evidence_span"": ""havent had any leakage until..."", ""evidence_level"": ""certain""}, {""key"": ""material"", ""polarity"": ""positive"", ""evidence_span"": ""pvc is thin but does seem durable"", ""evidence_level"": ""certain""}]","[{""key"": ""耐用性"", ""polarity"": ""正面"", ""evidence_span"": ""the soles are durable and have really good tread"", ""evidence_level"": ""确定""}, {""key"": ""防滑性"", ""polarity"": ""正面"", ""evidence_span"": ""really good tread"", ""evidence_level"": ""确定""}, {""key"": ""穿着舒适度"", ""polarity"": ""负面"", ""evidence_span"": ""the feel of them isnt the best, id get some insoles"", ""evidence_level"": ""确定""}, {""key"": ""透气性"", ""polarity"": ""负面"", ""evidence_span"": ""you will probably end up sweating a good bit"", ""evidence_level"": ""推测""}, {""key"": ""尺寸合脚性"", ""polarity"": ""负面"", ""evidence_span"": ""the shoulder straps are always a little loose"", ""evidence_level"": ""确定""}, {""key"": ""防水性"", ""polarity"": ""正面"", ""evidence_span"": ""havent had any leakage until..."", ""evidence_level"": ""确定""}, {""key"": ""材质"", ""polarity"": ""正面"", ""evidence_span"": ""pvc is thin but does seem durable"", ""evidence_level"": ""确定""}]","[""uncomfortable soles"", ""poor breathability in summer"", ""loose shoulder straps for smaller frames""]","[""durable soles with good tread"", ""no leakage until accidental damage"", ""works well in cold with layers""]",certain,reviewed,"AI Aspects: 可补 {key: ""waterproof"", polarity: ""positive"", evidence_span: ""havent had any leakage until..."", evidence_level: ""certain""}; 可补 {key: ""material"", polarity: ""positive"", evidence_span: ""pvc is thin but does seem durable"", evidence_level: ""certain""}。",
"I am 6 feet tall, 240 lbs.  These were a little tight in the crotch and didn't allow for a ton of movement but they did keep me dry in waist-high water.  I've only used them once so far but I'm happy with them.",我身高6英尺，体重240磅。这款涉水裤裆部有点紧，活动不太方便，但在齐腰深的水里能保持干爽。目前只用过一次，但挺满意的。,5,Wader,2025/1/21,positive,"[{""key"": ""waterproof"", ""polarity"": ""positive"", ""evidence_span"": ""kept me dry in waist-high water"", ""evidence_level"": ""certain""}, {""key"": ""size_fit"", ""polarity"": ""negative"", ""evidence_span"": ""a little tight in the crotch"", ""evidence_level"": ""certain""}, {""key"": ""comfort"", ""polarity"": ""negative"", ""evidence_span"": ""didn't allow for a ton of movement"", ""evidence_level"": ""certain""}]","[{""key"": ""防水性"", ""polarity"": ""正面"", ""evidence_span"": ""在齐腰深的水里让我保持干燥。"", ""evidence_level"": ""确定""}, {""key"": ""尺寸合脚性"", ""polarity"": ""负面"", ""evidence_span"": ""裆部有点紧。"", ""evidence_level"": ""确定""}, {""key"": ""穿着舒适度"", ""polarity"": ""负面"", ""evidence_span"": ""活动空间不大。"", ""evidence_level"": ""确定""}]","[""tight crotch"", ""restricted movement""]","[""kept dry in waist-high water""]",certain,ai_pending_review,,
Works great! Haven't had any issues. I bought to be able to clean out my pond.,效果很好！没遇到任何问题。买来是为了清理我的池塘。,5,Wader,2025/8/18,positive,"[{""key"": ""ease_of_use"", ""polarity"": ""positive"", ""evidence_span"": ""Works great!"", ""evidence_level"": ""certain""}]","[{""key"": ""易用性"", ""polarity"": ""正面"", ""evidence_span"": ""效果很好！"", ""evidence_level"": ""确定""}]",[],"[""Works great for pond cleaning""]",certain,ai_pending_review,,
"I was a bit surprised at how well these waders turned out for the price.  After 2 duck seasons they held up pretty well.  No leaks or damage.  They stayed waterproof and kept me dry.  There is a big vest pocket for your your phone or extra shell.The soles are not padded, so through in some inserts if you want a more comfortable walk.  The only other downside is the waders smell quite strong at first.  You will need to leave them outside for quite some time before they smell normal.Overall, this was a good purchase at a great price.",这个价格能买到这样的涉水裤，我有点惊讶。经过两个猎鸭季后，它们依然表现不错。没有漏水或损坏。防水性能很好，让我保持干爽。有一个大胸袋可以放手机或额外弹药。鞋底没有衬垫，如果想要更舒适的行走体验，可以加个鞋垫。唯一的缺点是刚买来时气味很重，需要放在外面晾一段时间才能恢复正常。总的来说，这是一次物超所值的购买。,5,Wader,2024/9/14,positive,"[{""key"": ""waterproof"", ""polarity"": ""positive"", ""evidence_span"": ""They stayed waterproof and kept me dry."", ""evidence_level"": ""certain""}, {""key"": ""durability"", ""polarity"": ""positive"", ""evidence_span"": ""After 2 duck seasons they held up pretty well."", ""evidence_level"": ""certain""}, {""key"": ""value_for_money"", ""polarity"": ""positive"", ""evidence_span"": ""good purchase at a great price"", ""evidence_level"": ""certain""}, {""key"": ""comfort"", ""polarity"": ""negative"", ""evidence_span"": ""The soles are not padded"", ""evidence_level"": ""certain""}, {""key"": ""material"", ""polarity"": ""negative"", ""evidence_span"": ""the waders smell quite strong at first"", ""evidence_level"": ""certain""}, {""key"": ""ease_of_use"", ""polarity"": ""positive"", ""evidence_span"": ""big vest pocket for your phone or extra shell"", ""evidence_level"": ""certain""}]","[{""key"": ""防水性"", ""polarity"": ""正面"", ""evidence_span"": ""They stayed waterproof and kept me dry."", ""evidence_level"": ""确定""}, {""key"": ""耐用性"", ""polarity"": ""正面"", ""evidence_span"": ""After 2 duck seasons they held up pretty well."", ""evidence_level"": ""确定""}, {""key"": ""性价比"", ""polarity"": ""正面"", ""evidence_span"": ""good purchase at a great price"", ""evidence_level"": ""确定""}, {""key"": ""穿着舒适度"", ""polarity"": ""负面"", ""evidence_span"": ""The soles are not padded"", ""evidence_level"": ""确定""}, {""key"": ""材质"", ""polarity"": ""负面"", ""evidence_span"": ""the waders smell quite strong at first"", ""evidence_level"": ""确定""}, {""key"": ""易用性"", ""polarity"": ""正面"", ""evidence_span"": ""big vest pocket for your phone or extra shell"", ""evidence_level"": ""确定""}]","[""unpadded soles"", ""strong initial smell""]","[""good waterproofing"", ""durable after 2 seasons"", ""great value for price""]",certain,reviewed,"AI Aspects: 可补 {key: ""ease_of_use"", polarity: ""positive"", evidence_span: ""big vest pocket for your phone or extra shell"", evidence_level: ""certain""}。",
I opened the box and not only were they the wrong size and color BUT THEY WERE USED.  Mud and sand got everywhere. Ridiculous.,打开盒子，不仅尺码和颜色错了，而且居然是二手的！到处都是泥和沙子。太离谱了。,1,Wader,2024/11/23,negative,"[{""key"": ""size_fit"", ""polarity"": ""negative"", ""evidence_span"": ""wrong size"", ""evidence_level"": ""certain""}, {""key"": ""aesthetics"", ""polarity"": ""negative"", ""evidence_span"": ""wrong size and color"", ""evidence_level"": ""certain""}, {""key"": ""shipping_damage"", ""polarity"": ""negative"", ""evidence_span"": ""Mud and sand got everywhere"", ""evidence_level"": ""certain""}]","[{""key"": ""尺寸合脚性"", ""polarity"": ""负面"", ""evidence_span"": ""尺码不对"", ""evidence_level"": ""确定""}, {""key"": ""外观设计"", ""polarity"": ""负面"", ""evidence_span"": ""尺码和颜色都不对"", ""evidence_level"": ""确定""}, {""key"": ""运输损坏"", ""polarity"": ""负面"", ""evidence_span"": ""泥和沙到处都是"", ""evidence_level"": ""确定""}]","[""Wrong size and color"", ""Used product with mud and sand""]",[],certain,ai_pending_review,,
"I ordered a size 13 as I normally where a 11-12 wide shoe and wanted not to feel cramped and they work perfectly, and the fit great. I ordered them as our property was flooded from Hurricane Milton and many trees are down, since I don’t want to ruin the property or our equipment driving in the water, I wear these to cut trees off of fence lines until the water goes down to wear we can use equipment again. The kept me nice and dry today in waste deep water at times and the pockets are very secure. Great product!",我通常穿11-12码的宽鞋，为了不挤脚，我订了13码，结果非常合适，穿着很舒服。因为飓风米尔顿导致我们的地产被淹，很多树倒了，我不想开车涉水损坏地产或设备，所以穿着它去砍围栏线上的树，直到水退到可以重新使用设备。有时水深及腰，但它让我保持干爽，口袋也很牢固。好产品！,5,Wader,2024/11/13,positive,"[{""key"": ""waterproof"", ""polarity"": ""positive"", ""evidence_span"": ""kept me nice and dry today in waste deep water"", ""evidence_level"": ""certain""}, {""key"": ""size_fit"", ""polarity"": ""positive"", ""evidence_span"": ""ordered a size 13 ... they work perfectly, and the fit great"", ""evidence_level"": ""certain""}, {""key"": ""ease_of_use"", ""polarity"": ""positive"", ""evidence_span"": ""pockets are very secure"", ""evidence_level"": ""certain""}]","[{""key"": ""防水性"", ""polarity"": ""正面"", ""evidence_span"": ""今天在齐腰深的水里让我保持干爽"", ""evidence_level"": ""确定""}, {""key"": ""尺寸合脚性"", ""polarity"": ""正面"", ""evidence_span"": ""订购了13码……非常合脚，穿着很合适"", ""evidence_level"": ""确定""}, {""key"": ""易用性"", ""polarity"": ""正面"", ""evidence_span"": ""口袋非常安全"", ""evidence_level"": ""确定""}]",[],"[""kept dry in deep water"", ""great fit for wide feet"", ""secure pockets""]",certain,ai_pending_review,,
Leaked with first use!,第一次使用就漏水了！,1,Wader,2024/9/15,negative,"[{""key"": ""waterproof"", ""polarity"": ""negative"", ""evidence_span"": ""Leaked with first use!"", ""evidence_level"": ""certain""}]","[{""key"": ""防水性"", ""polarity"": ""负面"", ""evidence_span"": ""第一次使用就漏水了！"", ""evidence_level"": ""确定""}]","[""Leaked on first use""]",[],certain,ai_pending_review,,
Thin material ripped when bumped into a rock tried the patch kit and it didn’t work legs still filled with water,材料很薄，碰到石头就破了。试了修补包也没用，裤腿里还是灌满了水。,1,Wader,2024/9/3,negative,"[{""key"": ""material"", ""polarity"": ""negative"", ""evidence_span"": ""Thin material ripped when bumped into a rock"", ""evidence_level"": ""certain""}, {""key"": ""durability"", ""polarity"": ""negative"", ""evidence_span"": ""Thin material ripped when bumped into a rock"", ""evidence_level"": ""certain""}, {""key"": ""waterproof"", ""polarity"": ""negative"", ""evidence_span"": ""legs still filled with water"", ""evidence_level"": ""certain""}, {""key"": ""ease_of_use"", ""polarity"": ""negative"", ""evidence_span"": ""tried the patch kit and it didn't work"", ""evidence_level"": ""certain""}]","[{""key"": ""材质"", ""polarity"": ""负面"", ""evidence_span"": ""Thin material ripped when bumped into a rock"", ""evidence_level"": ""确定""}, {""key"": ""耐用性"", ""polarity"": ""负面"", ""evidence_span"": ""Thin material ripped when bumped into a rock"", ""evidence_level"": ""确定""}, {""key"": ""防水性"", ""polarity"": ""负面"", ""evidence_span"": ""legs still filled with water"", ""evidence_level"": ""确定""}, {""key"": ""易用性"", ""polarity"": ""负面"", ""evidence_span"": ""tried the patch kit and it didn't work"", ""evidence_level"": ""确定""}]","[""Material too thin and rips easily"", ""Patch kit ineffective"", ""Not waterproof after damage""]",[],certain,reviewed,"AI Aspects: 可补 {key: ""ease_of_use"", polarity: ""negative"", evidence_span: ""tried the patch kit and it didn’t work"", evidence_level: ""certain""}。",
"The price was right, the delivery was fast. But after using these one time, I discovered my clothing underneath was soaked, including pants & socks. ***updated*** after a second use, I've discovered they are waterproof, and the moisture inside was my own sweat! So I have moved my rating up to 5 ⭐️⭐️⭐️⭐️⭐️. Also worth noting, the company reached out to me and offered support via email when I originally rated ⭐️⭐️⭐️. I will definitely use this company again in the future.",价格合适，送货也快。但只用了一次，就发现里面的衣服湿透了，包括裤子和袜子。***更新***第二次使用后，我发现它们是防水的，里面的湿气是我自己的汗！所以我把评分改成了5星⭐⭐⭐⭐⭐。另外值得一提的是，当我最初给3星时，公司通过邮件联系我并提供了支持。以后我肯定会再次购买这家公司的产品。,5,Wader,2024/10/15,positive,"[{""key"": ""waterproof"", ""polarity"": ""positive"", ""evidence_span"": ""after a second use, I've discovered they are waterproof"", ""evidence_level"": ""certain""}, {""key"": ""breathability"", ""polarity"": ""negative"", ""evidence_span"": ""the moisture inside was my own sweat"", ""evidence_level"": ""certain""}, {""key"": ""customer_service"", ""polarity"": ""positive"", ""evidence_span"": ""the company reached out to me and offered support via email"", ""evidence_level"": ""certain""}, {""key"": ""value_for_money"", ""polarity"": ""positive"", ""evidence_span"": ""The price was right"", ""evidence_level"": ""certain""}]","[{""key"": ""防水性"", ""polarity"": ""正面"", ""evidence_span"": ""第二次使用后，我发现它们是防水的"", ""evidence_level"": ""确定""}, {""key"": ""透气性"", ""polarity"": ""负面"", ""evidence_span"": ""里面的湿气是我自己的汗水"", ""evidence_level"": ""确定""}, {""key"": ""客服"", ""polarity"": ""正面"", ""evidence_span"": ""公司主动联系我并通过电子邮件提供了支持"", ""evidence_level"": ""确定""}, {""key"": ""性价比"", ""polarity"": ""正面"", ""evidence_span"": ""价格合适"", ""evidence_level"": ""确定""}]","[""poor breathability causes sweat buildup""]","[""good waterproofing after retest"", ""responsive customer service"", ""good value for money""]",certain,ai_pending_review,,
I bought two different sets and both of mine leaked I don't know why but they did,我买了两套不同的，结果都漏水了。不知道什么原因，但确实漏了。,1,Wader,2024/10/14,negative,"[{""key"": ""waterproof"", ""polarity"": ""negative"", ""evidence_span"": ""both of mine leaked"", ""evidence_level"": ""certain""}, {""key"": ""build_quality"", ""polarity"": ""negative"", ""evidence_span"": ""both of mine leaked I don't know why"", ""evidence_level"": ""certain""}]","[{""key"": ""防水性"", ""polarity"": ""负面"", ""evidence_span"": ""我的两个都漏水了"", ""evidence_level"": ""确定""}, {""key"": ""做工"", ""polarity"": ""负面"", ""evidence_span"": ""我的两个都漏水了，不知道为什么"", ""evidence_level"": ""确定""}]","[""leaked"", ""inconsistent quality""]",[],certain,ai_pending_review,,
perfect fit for a womens size 11.5 shoe,女士11.5码的鞋完美贴合。,5,Wader,2024/10/13,positive,"[{""key"": ""size_fit"", ""polarity"": ""positive"", ""evidence_span"": ""perfect fit for a womens size 11.5 shoe"", ""evidence_level"": ""certain""}]","[{""key"": ""尺寸合脚性"", ""polarity"": ""正面"", ""evidence_span"": ""完美适配女性11.5码的鞋子"", ""evidence_level"": ""确定""}]",[],"[""perfect fit for size 11.5""]",certain,ai_pending_review,,
functions as it should! the fitment is spot on! keeps water out and you dry! very comfortable and effective with some solid boot bottoms to match! very strong waders! high quality for such a low price! will be recommending these to my friends! comes with an awesome protective waterproof case for your phone that functions well!,功能正常！合身度完美！防水效果很好，让你保持干爽！非常舒适有效，鞋底也很结实！非常结实的涉水裤！价格低廉但质量很高！我会推荐给我的朋友们！还附带一个很棒的防水手机保护壳，功能也很好！,5,Wader,2025/7/13,positive,"[{""key"": ""waterproof"", ""polarity"": ""positive"", ""evidence_span"": ""keeps water out and you dry!"", ""evidence_level"": ""certain""}, {""key"": ""size_fit"", ""polarity"": ""positive"", ""evidence_span"": ""the fitment is spot on!"", ""evidence_level"": ""certain""}, {""key"": ""comfort"", ""polarity"": ""positive"", ""evidence_span"": ""very comfortable"", ""evidence_level"": ""certain""}, {""key"": ""grip"", ""polarity"": ""positive"", ""evidence_span"": ""solid boot bottoms"", ""evidence_level"": ""certain""}, {""key"": ""value_for_money"", ""polarity"": ""positive"", ""evidence_span"": ""high quality for such a low price!"", ""evidence_level"": ""certain""}, {""key"": ""build_quality"", ""polarity"": ""positive"", ""evidence_span"": ""very strong waders! high quality"", ""evidence_level"": ""certain""}, {""key"": ""ease_of_use"", ""polarity"": ""positive"", ""evidence_span"": ""protective waterproof case for your phone"", ""evidence_level"": ""certain""}]","[{""key"": ""防水性"", ""polarity"": ""正面"", ""evidence_span"": ""keeps water out and you dry!"", ""evidence_level"": ""确定""}, {""key"": ""尺寸合脚性"", ""polarity"": ""正面"", ""evidence_span"": ""the fitment is spot on!"", ""evidence_level"": ""确定""}, {""key"": ""穿着舒适度"", ""polarity"": ""正面"", ""evidence_span"": ""very comfortable"", ""evidence_level"": ""确定""}, {""key"": ""防滑性"", ""polarity"": ""正面"", ""evidence_span"": ""solid boot bottoms"", ""evidence_level"": ""确定""}, {""key"": ""性价比"", ""polarity"": ""正面"", ""evidence_span"": ""high quality for such a low price!"", ""evidence_level"": ""确定""}, {""key"": ""做工质量"", ""polarity"": ""正面"", ""evidence_span"": ""very strong waders! high quality"", ""evidence_level"": ""确定""}, {""key"": ""易用性"", ""polarity"": ""正面"", ""evidence_span"": ""protective waterproof case for your phone"", ""evidence_level"": ""确定""}]",[],"[""keeps water out"", ""spot on fitment"", ""high quality low price""]",certain,reviewed,"AI Aspects: 可补 {key: ""build_quality"", polarity: ""positive"", evidence_span: ""very strong waders! high quality"", evidence_level: ""certain""}; 可补 {key: ""ease_of_use"", polarity: ""positive"", evidence_span: ""protective waterproof case for your phone"", evidence_level: ""certain""}。",
