id,review_id,content,rating,title,sub_category,asin,ai_sentiment,ai_aspects,ai_pain_points,ai_highlights,ai_evidence_level,annotation_status,reviewed_sentiment,reviewed_aspects,reviewer_notes
1,pet_001,My dog ruined them suuuper fast,3,Don’t buy if your dog is a destroyer/super chewer,Dog Chew Toy,B0CSGTN8DT,negative,"[{""key"": ""durability"", ""polarity"": ""negative"", ""evidence_span"": ""My dog ruined them suuuper fast"", ""evidence_level"": ""certain""}]",not durable for strong chewers,,certain,ai_annotated,,,
2,pet_002,Puppy love chess things,5,Great produxt,Dog Treats,B0C15N2QB5,neutral,[],,,uncertain,ai_annotated,,,"虽然 内容是陈述,但是评分给了5分,我认为AI Sentiment: positive"
3,pet_003,I still find myself having to clean the dogs feet.  I would not purchase again.,3,Would not recommend,Door Mat,B0BZG73ZZB,negative,[],difficult to keep clean,would not purchase again,certain,ai_annotated,,,"Aspects: N/A: 吸水力差;difficult to keep clean(负面), Pain Points :吸水力差; difficult to keep clean("
4,pet_004,"Strong, plentiful & a nice scent. Great product",5,Poop bags,Poop Bags for Dogs,B00BSYR7K8,positive,"[{""key"": ""durability"", ""polarity"": ""positive"", ""evidence_span"": ""Strong, plentiful & a nice scent."", ""evidence_level"": ""certain""}, {""key"": ""smell_odor"", ""polarity"": ""positive"", ""evidence_span"": ""a nice scent."", ""evidence_level"": ""certain""}]",,Strong and plentiful; Nice scent,certain,ai_annotated,,,
5,pet_005,"I am totally obsessed with this product! The amount of hair that comes off of my cats is amazing! I have a senior cat that can no longer groom herself and it has helped getting the mats off of her pain free. Thank you, You thank, thank you!!!!",5,Amazing!!,Deshedding Dematting Tool,B07P2N8HQH,positive,"[{""key"": ""ease_of_use"", ""polarity"": ""positive"", ""evidence_span"": ""helped getting the mats off of her pain free"", ""evidence_level"": ""certain""}, {""key"": ""palatability"", ""polarity"": ""positive"", ""evidence_span"": ""I am totally obsessed with this product"", ""evidence_level"": ""certain""}]",,helps senior cats groom; removes a lot of hair,certain,ai_annotated,,,"ai_highlights: helps senior cats groom, 梳下了好多浮毛, 梳开了好多毛结, AI Aspects: [{key: ""hair_removal"", polarity: ""positive"", evidence_span: ""The amount of hair that comes off of my cats is amazing!"", evidence_level: ""certain""}, {key: ""grooming_effectiveness"", polarity: ""positive"", evidence_span: ""helped getting the mats off of her pain free"", evidence_level: ""certain""}, {key: ""gentleness"", polarity: ""positive"", evidence_span: ""helped getting the mats off of her pain free"", evidence_level: ""certain""}]"
6,pet_006,I have used other brands in the past and these showed up in a search on reorder so I decided to give them a try. The bags a sturdy and the tape holding the rolls is easy to peel off. The scent is pleasant. They do the job intended for a cheaper cost without being cheaply made. I will order these again.,5,Cheaper Than Other Brands Without Being Cheaply Made,Dog Poop Leak Proof Bags,B0D36L4GDM,positive,"[{""key"": ""packaging"", ""polarity"": ""positive"", ""evidence_span"": ""The bags a sturdy and the tape holding the rolls"", ""evidence_level"": ""certain""}, {""key"": ""smell_odor"", ""polarity"": ""positive"", ""evidence_span"": ""The scent is pleasant."", ""evidence_level"": ""certain""}, {""key"": ""value_for_money"", ""polarity"": ""positive"", ""evidence_span"": ""cheaper cost without being cheaply made."", ""evidence_level"": ""certain""}]",,Sturdy packaging; Pleasant scent; Great value for money,certain,ai_annotated,,,"AI Aspects: [{key: ""durability"", polarity: ""positive"", evidence_span: ""The bags a sturdy"", evidence_level: ""certain""}, {key: ""ease_of_use"", polarity: ""positive"", evidence_span: ""the tape holding the rolls is easy to peel off"", evidence_level: ""certain""}, {key: ""smell_odor"", polarity: ""positive"", evidence_span: ""The scent is pleasant"", evidence_level: ""certain""}, {key: ""value_for_money"", polarity: ""positive"", evidence_span: ""cheaper cost without being cheaply made"", evidence_level: ""certain""}]. AI Highlights: Sturdy bags; Easy-to-peel tape; Pleasant scent; Great value for money"
7,pet_007,Better than name brand,5,Good price,Almohadillas para orinar,B00MW8G3YU,positive,"[{""key"": ""value_for_money"", ""polarity"": ""positive"", ""evidence_span"": ""Better than name brand"", ""evidence_level"": ""certain""}]",,Good price; Better than name brand,certain,ai_annotated,,,
8,pet_008,"I was looking for a remedy to relieve my dog's continuous itching and after reading reviews of this product I decided to try it.  I was worried my dog would not eat the ""treat"", but my dog loved it!<br>However, I had to stop feeding it to my dog after 3 days because since day 1, my dog suddenly developed diarrhea and vomitting and kept me up all night each night. I was really hopeful, but I think my dog would prefer the itching allergy to vomitting and diarrhea.  This product did not agree with my dog, but the seller was very kind and offered a full refund.  I will try another product from this company.",4,I was hopeful...,Allergy Immune Bites,B079TWY9FK,negative,"[{""key"": ""palatability"", ""polarity"": ""positive"", ""evidence_span"": ""my dog loved it!"", ""evidence_level"": ""certain""}, {""key"": ""digestibility"", ""polarity"": ""negative"", ""evidence_span"": ""my dog suddenly developed diarrhea and vomitting"", ""evidence_level"": ""certain""}, {""key"": ""customer_service"", ""polarity"": ""positive"", ""evidence_span"": ""the seller was very kind and offered a full refund"", ""evidence_level"": ""certain""}]",caused diarrhea and vomiting; dog couldn't tolerate it,dog enjoyed the taste; kind seller offered refund,certain,ai_annotated,,,
9,pet_009,Great product! Our dog loves the flavor!,5,Our dog loves this product!,Anal Gland Soft Chew Treats,B00ZJ5BJ74,positive,"[{""key"": ""palatability"", ""polarity"": ""positive"", ""evidence_span"": ""Our dog loves the flavor!"", ""evidence_level"": ""certain""}]",,Great product!; Dog loves the flavor,certain,ai_annotated,,,
10,pet_010,"Seems good. Nice fragrance, not overpowering. Only used once for dog paws after him getting into some sprayed area.",5,Used to clean paws.,Pet Wipes for Dogs,B0DP7ZCLLK,positive,"[{""key"": ""smell_odor"", ""polarity"": ""positive"", ""evidence_span"": ""Nice fragrance, not overpowering."", ""evidence_level"": ""certain""}, {""key"": ""ease_of_use"", ""polarity"": ""positive"", ""evidence_span"": ""Only used once for dog paws"", ""evidence_level"": ""certain""}]",,Nice fragrance; Easy to use,certain,ai_annotated,,,
11,pet_011,"Only worked 3 months for my 10 pound fur baby. It worked when it did, but now I’ve been seeing fleas on him daily. 😢 Purchased in November but started noticing fleas on him and in my home the beginning of March.",3,Worked for a few months.,Flea & Tick Collar For Dogs,B00WMMMHNM,neutral,"[{""key"": ""effectiveness"", ""polarity"": ""negative"", ""evidence_span"": ""now I’ve been seeing fleas on him daily"", ""evidence_level"": ""certain""}]",Product effectiveness decreased over time,Worked initially for a few months,certain,ai_annotated,,,"AI Aspects: [{key: ""effectiveness"", polarity: ""positive"", evidence_span: ""It worked when it did"", evidence_level: ""certain""}, {key: ""longevity"", polarity: ""negative"", evidence_span: ""Only worked 3 months for my 10 pound fur baby"", evidence_level: ""certain""}, {key: ""effectiveness"", polarity: ""negative"", evidence_span: ""now I've been seeing fleas on him daily"", evidence_level: ""certain""}].  AI Pain Points: Product only worked for 3 months; Effectiveness did not last long. "
12,pet_012,These are pretty big so I usually cut them in half for my fur baby. They are a little harder to chew so it takes a few especially for my little one. I also think they are perfect for teething! I definitely recommend these.,5,blunt review,Dental Chews for Dogs,B083MN9SZ5,positive,"[{""key"": ""size_fit"", ""polarity"": ""positive"", ""evidence_span"": ""These are pretty big so I usually cut them in half"", ""evidence_level"": ""certain""}, {""key"": ""texture_consistency"", ""polarity"": ""positive"", ""evidence_span"": ""a little harder to chew"", ""evidence_level"": ""certain""}, {""key"": ""palatability"", ""polarity"": ""positive"", ""evidence_span"": ""perfect for teething"", ""evidence_level"": ""certain""}]",harder to chew for small dogs,perfect for teething; recommend these,certain,ai_annotated,,,
13,pet_013,"I recently started giving my 8 year-old lab,Wuffes Chewable Hip and Joint Support, and I'm thrilled with the results! Since beginning this supplement I have noticed significant improvement in his mobility. He has been showing signs of arthritis, but since starting Wuffes, he's been running around and playing more and also seems much happier. The morning stiffness that used to be very obvious is significantly reduced, and he's able to get up and move around more easily. He loves the taste of Wuffes, and he eats them right up with no hesitation! The chewable format makes it easy to administer, even for picky eaters like my pup. It did take a couple weeks to notice the results but they do work! Overall, I'm extremely satisfied with Wuffes Chewable Hip and Joint Support. While they may be more expensive than some other options, their quality and effectiveness make them well worth the investment. If you're looking for a reliable and palatable joint supplement for your furry friend, I highly recommend giving Wuffes a try.",5,Happy and Playful Fur Baby Again!,Hip and Joint Supplement,B0C1HG6XC8,positive,"[{""key"": ""palatability"", ""polarity"": ""positive"", ""evidence_span"": ""He loves the taste of Wuffes"", ""evidence_level"": ""certain""}, {""key"": ""digestibility"", ""polarity"": ""positive"", ""evidence_span"": ""the chewable format makes it easy to administer"", ""evidence_level"": ""certain""}, {""key"": ""safety_health"", ""polarity"": ""positive"", ""evidence_span"": ""significant improvement in his mobility"", ""evidence_level"": ""certain""}, {""key"": ""value_for_money"", ""polarity"": ""positive"", ""evidence_span"": ""well worth the investment"", ""evidence_level"": ""certain""}]",,significant improvement in mobility; easy to administer; highly recommend giving Wuffes a try,certain,ai_annotated,,,"AI Aspects: [{key: ""palatability"", polarity: ""positive""}, {key: ""digestibility"", polarity: ""positive""}, {key: ""safety_health"", polarity: ""positive""}, {key: ""price"", polarity: ""negative"", evidence_span: ""may be more expensive than some other options"", evidence_level: ""certain""}, {key: ""value_for_money"", polarity: ""positive"", evidence_span: ""well worth the investment"", evidence_level: ""certain""}]. AI Highlights: significant improvement in mobility; easy to administer; well worth the investment despite higher price; highly recommend. AI Pain Points: Higher price compared to other options"
14,pet_014,"Los amo y a mi perro❤️, De Tantos Que Compro Me Deberían Regalar O Darme Descuento 🤭",5,Buenisismos,Dog Wrap,B07C22DJJG,positive,[],,My dog loves them; Great product,certain,ai_annotated,,,"AI Aspects: [{key: ""palatability"", polarity: ""positive"", evidence_span: ""mi perro❤️"", evidence_level: ""certain""}, {key: ""value_for_money"", polarity: ""neutral"", evidence_span: ""De Tantos Que Compro Me Deberían Regalar O Darme Descuento"", evidence_level: ""certain""}]. AI Pain Points: No discounts or loyalty rewards for repeat buyers. AI Highlights: My dog loves them; Great product; Bought many times (repeat purchase)"
15,pet_015,Have been using this product for years. Would highly recommend.,5,Effectiveness,Flea and Tick Prevention for Cats,B00WWP1U7I,positive,[],,highly recommend; using for years,certain,ai_annotated,,,
16,pet_016,"I like these, easy to crumble into their food. But too extensive.",4,Expensive,Dog Multivitamin,B079SGYKD9,positive,"[{""key"": ""ease_of_use"", ""polarity"": ""positive"", ""evidence_span"": ""easy to crumble into their food"", ""evidence_level"": ""certain""}, {""key"": ""value_for_money"", ""polarity"": ""negative"", ""evidence_span"": ""too extensive"", ""evidence_level"": ""certain""}]",high price,easy to use,certain,ai_annotated,,,
17,pet_017,"We had some damage to a bamboo floor when we added a new dog to our household.  This product worked great, thank you",5,Worked great on my bamboo floor,Odor Eliminator,B00CKFL93K,positive,[],,worked great on bamboo floor,certain,ai_annotated,,,
18,pet_018,We adopted this cutie who had been living off the streets eating who knows what and his fur was alittle course. We started adding this fish oil and probiotics to his meals once a day because we were worried about all the time he spent eating out of trash cans. We are about halfway through the bottle and his fur is now really silky smooth. The picture was taken tonight.,5,Makes fur silky,Wild Alaskan,B0CXKNLKMX,positive,"[{""key"": ""ingredient_quality"", ""polarity"": ""positive"", ""evidence_span"": ""adding this fish oil and probiotics"", ""evidence_level"": ""certain""}, {""key"": ""palatability"", ""polarity"": ""positive"", ""evidence_span"": ""his fur is now really silky smooth"", ""evidence_level"": ""certain""}]",,fur became silky smooth; helped adopted pet's health,certain,ai_annotated,,,
19,pet_019,"These poop bags are actually really nice—they’re colorful and sturdy, so no worries about rips or leaks. The only downside is that there are only 15 bags per roll, which means I have to replace rolls more often than I’d like. Overall, great quality, but I do wish the rolls were a little bigger.",4,"Great Quality, Wish There Were More per Roll",Dog Poop Bags,B09ZLSR8PH,positive,"[{""key"": ""durability"", ""polarity"": ""positive"", ""evidence_span"": ""they’re colorful and sturdy"", ""evidence_level"": ""certain""}, {""key"": ""value_for_money"", ""polarity"": ""negative"", ""evidence_span"": ""there are only 15 bags per roll"", ""evidence_level"": ""certain""}]",Limited number of bags per roll,Colorful and sturdy bags,certain,ai_annotated,,,"AI Aspects: [{key: ""durability"", polarity: ""positive"", evidence_span: ""they're colorful and sturdy"", evidence_level: ""certain""}, {key: ""packaging"", polarity: ""negative"", evidence_span: ""there are only 15 bags per roll"", evidence_level: ""certain""}, {key: ""ease_of_use"", polarity: ""negative"", evidence_span: ""have to replace rolls more often than I'd like"", evidence_level: ""certain""}]. AI Pain Points: Only 15 bags per roll, requiring frequent roll changes. AI Highlights: Colorful and sturdy bags"
20,pet_020,"My 6 yr old pitbull was having issues getting up from her bed, limping, etc. I decided to try this product and so far, I've seen improvements. My dog has only been on it for 3 weeks. Still doing the two chews a day for at least another week, then will do the one a day. It can be pricey as there are only 30 chews in a container. At first, she wasn't too excited about the chews but grew to like them and eats them as soon as I give them to her. Also, she has not had any diarrhea with them. I will continue to buy them.",5,I've seen improvement,Proviable Probiotics for Dogs and Cats,B0C1HJX29T,positive,"[{""key"": ""palatability"", ""polarity"": ""positive"", ""evidence_span"": ""she wasn't too excited about the chews but grew to like them"", ""evidence_level"": ""certain""}, {""key"": ""digestibility"", ""polarity"": ""positive"", ""evidence_span"": ""she has not had any diarrhea with them"", ""evidence_level"": ""certain""}, {""key"": ""value_for_money"", ""polarity"": ""negative"", ""evidence_span"": ""it can be pricey as there are only 30 chews"", ""evidence_level"": ""certain""}, {""key"": ""safety_health"", ""polarity"": ""positive"", ""evidence_span"": ""I've seen improvements"", ""evidence_level"": ""probable""}]",Pricey for only 30 chews,Seen improvements in my dog's mobility,certain,ai_annotated,,,
21,pet_021,I have two dogs one Doberman and a King Charles Cavalier spaniel who will eat anything. Neither of my dogs will touch this. I have no idea why.,2,My dogs are not a fan of it,Pill Pockets for Dogs,B07S2TDDCK,negative,"[{""key"": ""palatability"", ""polarity"": ""negative"", ""evidence_span"": ""Neither of my dogs will touch this."", ""evidence_level"": ""certain""}]",dogs refuse to eat it,,certain,ai_annotated,,,
22,pet_022,My dog has a hard time actually eating these. She’s too smart for her own good and lowkey hates them. Wish they had like a powder version of this I could just put in her food,4,Need a power alternative,Cosequin for Dogs,B003YKWIGC,negative,"[{""key"": ""palatability"", ""polarity"": ""negative"", ""evidence_span"": ""lowkey hates them"", ""evidence_level"": ""certain""}, {""key"": ""ease_of_use"", ""polarity"": ""negative"", ""evidence_span"": ""hard time actually eating these"", ""evidence_level"": ""certain""}]",dog dislikes the product; difficult for dog to eat,wish for a powder version,certain,ai_annotated,,,
23,pet_023,One of my dogs did not like them but she is super picky.  My other dog loves them and I feel good about giving them because of how they are made and what they are made of.,5,Good,Dog Biscuits,B07MK5G4XV,positive,"[{""key"": ""palatability"", ""polarity"": ""negative"", ""evidence_span"": ""One of my dogs did not like them"", ""evidence_level"": ""certain""}, {""key"": ""palatability"", ""polarity"": ""positive"", ""evidence_span"": ""My other dog loves them"", ""evidence_level"": ""certain""}, {""key"": ""ingredient_quality"", ""polarity"": ""positive"", ""evidence_span"": ""I feel good about giving them because of how they are made"", ""evidence_level"": ""certain""}]",One dog is picky,Other dog loves them; Good ingredient quality,certain,ai_annotated,,,
24,pet_024,The water pressure is vary low.,1,Quility,Pet Shower Head,B0CSF2LLS3,negative,[],low water pressure,,certain,ai_annotated,,,
25,pet_025,"This product works very well in helping my dog with occasional digestive issues. She also loves the flavor. Like many small dogs, she is picky, and she eats better if I sprinkle a little bit of this on top of her food.",5,Effective and tasty,Probiotics for Dogs,B001650NNW,positive,"[{""key"": ""digestibility"", ""polarity"": ""positive"", ""evidence_span"": ""helps my dog with occasional digestive issues"", ""evidence_level"": ""certain""}, {""key"": ""palatability"", ""polarity"": ""positive"", ""evidence_span"": ""she loves the flavor"", ""evidence_level"": ""certain""}, {""key"": ""ease_of_use"", ""polarity"": ""positive"", ""evidence_span"": ""sprinkle a little bit of this on top"", ""evidence_level"": ""certain""}]",,effective for digestive issues; dog loves the flavor,certain,ai_annotated,,,
26,pet_026,My dog seems to like this food no problems with stomach issues I think it's great but it's expensive,4,Healthy dog food,Dog Food,B0009YWKUA,positive,"[{""key"": ""palatability"", ""polarity"": ""positive"", ""evidence_span"": ""My dog seems to like this food"", ""evidence_level"": ""certain""}, {""key"": ""digestibility"", ""polarity"": ""positive"", ""evidence_span"": ""no problems with stomach issues"", ""evidence_level"": ""certain""}, {""key"": ""value_for_money"", ""polarity"": ""negative"", ""evidence_span"": ""it's expensive"", ""evidence_level"": ""certain""}]",expensive,dog likes the food; no stomach issues,certain,ai_annotated,,,
27,pet_027,"My dog normally spits out his pills when we try to sneak them into his food, but not with these pill pockets!  They really work for us!",5,Dog approved,Pill Pockets for Dogs,B07S2TDDCK,positive,"[{""key"": ""palatability"", ""polarity"": ""positive"", ""evidence_span"": ""they really work for us!"", ""evidence_level"": ""certain""}, {""key"": ""ease_of_use"", ""polarity"": ""positive"", ""evidence_span"": ""not with these pill pockets!"", ""evidence_level"": ""certain""}]",,Dog approved; Effective for pill administration,certain,ai_annotated,,,
28,pet_028,After seeing this on multiple social media platforms I jumped on the bandwagon and decided I needed it. I barely get any hair removed from it and it’s challenging to get the little bit of hair it does pull up out so it’s clean. It does seem durable.,1,I wanted to love it…,Deshedding Dematting Tool,B07P2N8HQH,negative,"[{""key"": ""durability"", ""polarity"": ""positive"", ""evidence_span"": ""It does seem durable."", ""evidence_level"": ""certain""}, {""key"": ""ease_of_use"", ""polarity"": ""negative"", ""evidence_span"": ""challenging to get the little bit of hair"", ""evidence_level"": ""certain""}]",I barely get any hair removed; challenging to clean,seems durable,certain,ai_annotated,,,
29,pet_029,Neither the adult dog nor pup would show any interest.  We tried several different days and different times of days.  Very disappointing that they spend the money on the packaging and marketing and not the flavoring for greater appeal :-(,1,Disappointed  - paws down,Dog Multivitamin,B09TV49XVM,negative,"[{""key"": ""palatability"", ""polarity"": ""negative"", ""evidence_span"": ""Neither the adult dog nor pup would show any interest."", ""evidence_level"": ""certain""}, {""key"": ""packaging"", ""polarity"": ""negative"", ""evidence_span"": ""disappointing that they spend the money on the packaging"", ""evidence_level"": ""certain""}]",dogs not interested in product; poor flavoring,disappointing packaging investment,certain,ai_annotated,,,"AI Aspects: [{key: ""palatability"", polarity: ""negative"", evidence_span: ""Neither the adult dog nor pup would show any interest"", evidence_level: ""certain""}, {key: ""packaging"", polarity: ""positive"", evidence_span: ""spend the money on the packaging"", evidence_level: ""certain""}, {key: ""palatability"", polarity: ""negative"", evidence_span: ""not the flavoring for greater appeal"", evidence_level: ""certain""}]. AI Pain Points: Dogs show no interest; Poor flavoring/appeal; Company prioritized packaging over product taste. AI Highlights: Packaging and marketing are well-done, but flavoring is poor; Product failed to appeal to dogs despite nice packaging"
30,pet_030,Our dog loves these treats. We buy them all the time.,5,Our dog,Dog Biscuits,B08XY8RGNJ,positive,"[{""key"": ""palatability"", ""polarity"": ""positive"", ""evidence_span"": ""Our dog loves these treats."", ""evidence_level"": ""certain""}]",,Dog loves the treats; Buy them all the time,certain,ai_annotated,,,
31,pet_031,Excellent for indoor & kitchen rugs,5,Excellent,Door Mat,B0F7J25PCV,positive,[],,Excellent for indoor & kitchen rugs,certain,ai_annotated,,,
32,pet_032,"I’ve been using this on our gsd since we found our first tick last year on him. I have found zero ticks since, and he has had no side effects or irritation from the collar.",5,Better than the poison the vet recommends!,Flea & Tick Collar For Dogs,B00B8CG602,positive,"[{""key"": ""safety_health"", ""polarity"": ""positive"", ""evidence_span"": ""no side effects or irritation from the collar"", ""evidence_level"": ""certain""}, {""key"": ""effectiveness"", ""polarity"": ""positive"", ""evidence_span"": ""found zero ticks since"", ""evidence_level"": ""certain""}]",,no side effects; effective against ticks,certain,ai_annotated,,,
33,pet_033,This thing works! Period. Use with a detangling spray like The Stuff for easier use.,5,Dog groomer approved,Deshedding Dematting Tool,B07P2N8HQH,positive,"[{""key"": ""ease_of_use"", ""polarity"": ""positive"", ""evidence_span"": ""This thing works! Period."", ""evidence_level"": ""certain""}]",,Works effectively; Recommended with detangling spray,certain,ai_annotated,,,
34,pet_034,"I groom our little dog every evening. He is a Shih-tzu/Bijon Frise beautiful mix, and his hair is very thick curly underneath and straight on top.  This grooming tool is such a game changer. It glides through his hair and de-knots as it glides not hurting him one bit. In fact, he is very relaxed while I am brushing his coat. Please remember to read the enclosed instructions and do not use this on your precious pup's face or tail.  Definitely glad I bought this.",5,Great Grooming Tool to Help Keep Your Pet Knot-Free!,Deshedding Dematting Tool,B087JSS9PX,positive,"[{""key"": ""ease_of_use"", ""polarity"": ""positive"", ""evidence_span"": ""This grooming tool is such a game changer."", ""evidence_level"": ""certain""}, {""key"": ""safety_health"", ""polarity"": ""positive"", ""evidence_span"": ""not hurting him one bit."", ""evidence_level"": ""certain""}, {""key"": ""texture_consistency"", ""polarity"": ""positive"", ""evidence_span"": ""glides through his hair and de-knots."", ""evidence_level"": ""certain""}]",,Game changer for grooming; Pet relaxed during grooming,certain,ai_annotated,,,
35,pet_035,I've been testing several types including the fresh kind. My dogs love this. It just goes too fast!,5,My dogs love it,Dog Food,B0009YWKUA,positive,"[{""key"": ""palatability"", ""polarity"": ""positive"", ""evidence_span"": ""My dogs love this."", ""evidence_level"": ""certain""}, {""key"": ""value_for_money"", ""polarity"": ""negative"", ""evidence_span"": ""It just goes too fast!"", ""evidence_level"": ""probable""}]",Product runs out quickly,Dogs love the taste,certain,ai_annotated,,,
36,pet_036,"I have mine right by a sliding glass door. I may get another for the bathroom, because it’s perfect for scrunching your toes on.",5,Soft and Absorbent,Door Mat,B09H3BK43X,positive,"[{""key"": ""texture_consistency"", ""polarity"": ""positive"", ""evidence_span"": ""perfect for scrunching your toes on"", ""evidence_level"": ""certain""}]",,soft and absorbent; great for toes,certain,ai_annotated,,,AI Highlights: Soft texture; Great for scrunching toes; Likely to buy another for bathroom
37,pet_037,I’m still waiting for this to work. We are starting the 3rd month and my dog is still itchy. Some of her skin is very irritated 😒,3,I’m not sure,Allergy Immune Bites,B071WCV19B,neutral,"[{""key"": ""safety_health"", ""polarity"": ""negative"", ""evidence_span"": ""my dog is still itchy"", ""evidence_level"": ""certain""}, {""key"": ""safety_health"", ""polarity"": ""negative"", ""evidence_span"": ""Some of her skin is very irritated"", ""evidence_level"": ""certain""}]",dog's skin irritation; itchiness persists,still waiting for results,certain,ai_annotated,,,AI Sentiment: negative. AI Pain Points: Product ineffective; Itchiness and skin irritation persist after 3 months of use. AI Highlights: N/A
38,pet_038,Great rug to catch all the wet feet and debris coming in. Washable too!,5,Great rug for in/out doorway!,Door Mat,B0D4WC693C,positive,"[{""key"": ""durability"", ""polarity"": ""positive"", ""evidence_span"": ""Great rug to catch all the wet feet"", ""evidence_level"": ""certain""}, {""key"": ""ease_of_use"", ""polarity"": ""positive"", ""evidence_span"": ""Washable too!"", ""evidence_level"": ""certain""}]",,Catches wet feet; Washable,certain,ai_annotated,,,
39,pet_039,Bought them for my senior Chihuahua. They’re easy to break in half and easier for her to chew.,5,Dog Loves Them!,Dog Multivitamin,B0D6HC24GB,positive,"[{""key"": ""ease_of_use"", ""polarity"": ""positive"", ""evidence_span"": ""They’re easy to break in half"", ""evidence_level"": ""certain""}, {""key"": ""texture_consistency"", ""polarity"": ""positive"", ""evidence_span"": ""easier for her to chew"", ""evidence_level"": ""certain""}]",,Easy to break; Senior dog friendly,certain,ai_annotated,,,
40,pet_040,"My dogs have never been uninterested in these, and never been bored with these (like they have of other similar treats). These store relatively well, don't turn into rocks. Great size. Recommend.",5,These are a universal favorite of all the dogs in the family,Dog Treats,B0CM6SCSZ9,positive,"[{""key"": ""palatability"", ""polarity"": ""positive"", ""evidence_span"": ""never been uninterested in these"", ""evidence_level"": ""certain""}, {""key"": ""size_fit"", ""polarity"": ""positive"", ""evidence_span"": ""Great size."", ""evidence_level"": ""certain""}, {""key"": ""packaging"", ""polarity"": ""positive"", ""evidence_span"": ""store relatively well"", ""evidence_level"": ""certain""}]",,universal favorite of all the dogs; never been bored with these,certain,ai_annotated,,,"ai_aspects: [{""key"": ""appeal"", ""polarity"": ""positive"", ""evidence_span"": ""never been uninterested in these"", ""evidence_level"": ""certain""}, {""key"": ""size_fit"", ""polarity"": ""positive"", ""evidence_span"": ""Great size."", ""evidence_level"": ""certain""}, {""key"": ""packaging"", ""polarity"": ""positive"", ""evidence_span"": ""store relatively well"", ""evidence_level"": ""certain""}]"
41,pet_041,"This is a really nice dog toy. It is plush and soft. I love the crinkle sound and texture throughout its body. There is no stuffing which I feel is a plus. Without the stuffing, the crinkle is much better. The head has a small squeaker which has a soft sound. My 8 month, 16 lb puppy was all over it when I gave it to him. It appears to be well made, and for normal play and biting it should last a long time. For dogs that are more aggressive in their play, this may not last very long.",5,"Plush and soft, great crackle sound with soft squeeker in head.",Dog Chew Toy,B09BBM5CX8,positive,"[{""key"": ""texture_consistency"", ""polarity"": ""positive"", ""evidence_span"": ""It is plush and soft."", ""evidence_level"": ""certain""}, {""key"": ""durability"", ""polarity"": ""positive"", ""evidence_span"": ""It appears to be well made, and for normal play."", ""evidence_level"": ""certain""}, {""key"": ""palatability"", ""polarity"": ""positive"", ""evidence_span"": ""My 8 month, 16 lb puppy was all over it."", ""evidence_level"": ""certain""}, {""key"": ""safety_health"", ""polarity"": ""positive"", ""evidence_span"": ""There is no stuffing which I feel is a plus."", ""evidence_level"": ""certain""}]",Not durable for aggressive chewers,Plush and soft texture; Great crinkle sound; Well made for normal play,certain,ai_annotated,,,
42,pet_042,Great bag smell better than poop,5,Great bags,Poop Bags for Dogs,B00BSYR7K8,positive,"[{""key"": ""smell_odor"", ""polarity"": ""positive"", ""evidence_span"": ""smell better than poop"", ""evidence_level"": ""certain""}]",,Great bag smell; Better than poop,certain,ai_annotated,,,
43,pet_043,"Perfect for my baby for diapers. So many of them as well. So convenient, and can leave a pack in multiple places to always have easy access.",5,Works well for baby diapers,Dog Poop Leak Proof Bags,B00NABTC8M,positive,[],,Convenient for multiple locations; Easy access,certain,ai_annotated,,,"ai_aspects: [{key: ""ease_of_use"", polarity: ""positive"", evidence_span: ""convenient, and can leave a pack in multiple places"", evidence_level: ""certain""}, {key: ""value_for_money"", polarity: ""positive"", evidence_span: ""So many of them as well"", evidence_level: ""certain""}]"
44,pet_044,I've bought this 3 times now because it's my dogs and pups favorite toy but they keep losing it somewhere lol. But it's cost effective enough that I can keep buying it and it's crinkly sounding and soft.,5,Ducky's duck,Dog Chew Toy,B09BBL8T4Z,positive,"[{""key"": ""durability"", ""polarity"": ""positive"", ""evidence_span"": ""it's my dogs and pups favorite toy"", ""evidence_level"": ""certain""}, {""key"": ""value_for_money"", ""polarity"": ""positive"", ""evidence_span"": ""it's cost effective enough that I can keep buying it"", ""evidence_level"": ""certain""}, {""key"": ""texture_consistency"", ""polarity"": ""positive"", ""evidence_span"": ""it's crinkly sounding and soft"", ""evidence_level"": ""certain""}]",,dogs love the toy; cost effective; soft texture,certain,ai_annotated,,,"ai_aspects: [{key: ""palatability"", polarity: ""positive"", evidence_span: ""it's my dogs and pups favorite toy"", evidence_level: ""certain""}, {key: ""value_for_money"", polarity: ""positive"", evidence_span: ""cost effective enough that I can keep buying it"", evidence_level: ""certain""}, {key: ""texture_consistency"", polarity: ""positive"", evidence_span: ""crinkly sounding and soft"", evidence_level: ""certain""}]"
45,pet_045,These puppy pads work well,5,Works well,Almohadillas para orinar,B00MW8G3YU,positive,[],,works well,certain,ai_annotated,,,"ai_aspects: [{key: ""effectiveness"", polarity: ""positive"", evidence_span: ""work well"", evidence_level: ""certain""}]"
46,pet_046,Love this poduct. Excellent for my labradoodle,5,Great Product,Pet Wipes for Dogs,B07NHGX19F,positive,[],,Excellent for my labradoodle,certain,ai_annotated,,,"ai_aspects: [{key: ""effectiveness"", polarity: ""positive"", evidence_span: ""Excellent for my labradoodle"", evidence_level: ""certain""}]"
47,pet_047,Great for puppy training.,5,Life saver,Almohadillas para orinar,B00MW8G3YU,positive,[],,Great for puppy training,certain,ai_annotated,,,"ai_aspects: [{key: ""effectiveness"", polarity: ""positive"", evidence_span: ""Great for puppy training"", evidence_level: ""certain""}]"
48,pet_048,"Even though these are vitamins, I give him one with breakfast, and one with lunch. His coat is so shiny, he doesn't ever scratch, and is such a healthy boy. Definitely effective, and we've become big fans.",5,My dogs favorite "snack",Dog Multivitamin,B079SGYKD9,positive,"[{""key"": ""safety_health"", ""polarity"": ""positive"", ""evidence_span"": ""his coat is so shiny, he doesn't ever scratch"", ""evidence_level"": ""certain""}, {""key"": ""palatability"", ""polarity"": ""positive"", ""evidence_span"": ""we've become big fans"", ""evidence_level"": ""certain""}]",,effective vitamins; shiny coat; healthy dog,certain,ai_annotated,,,"ai_aspects: [{key: ""safety_health"", polarity: ""positive"", evidence_span: ""his coat is so shiny, he doesn't ever scratch, and is such a healthy boy"", evidence_level: ""certain""}, {key: ""effectiveness"", polarity: ""positive"", evidence_span: ""Definitely effective"", evidence_level: ""certain""}]"
49,pet_049,"We have bern buying these bags for fey years with no problems.However, on the last order we received lots of bags are tearing up and they are not usable. Lots of bags are wasted.",3,Quality,Dog Poop Leak Proof Bags,B00NABTGY2,negative,"[{""key"": ""durability"", ""polarity"": ""negative"", ""evidence_span"": ""lots of bags are tearing up"", ""evidence_level"": ""certain""}]",bags are tearing up; lots of bags wasted,no problems for years,certain,ai_annotated,,,
50,pet_050,I’ve only given my 3 yo Bassett hound these vitamins. He loves them and has no issues on his stomach.,5,Good dog vitamin,Dog Multivitamin,B07121B839,positive,"[{""key"": ""palatability"", ""polarity"": ""positive"", ""evidence_span"": ""He loves them"", ""evidence_level"": ""certain""}, {""key"": ""digestibility"", ""polarity"": ""positive"", ""evidence_span"": ""has no issues on his stomach"", ""evidence_level"": ""certain""}]",,Dog loves the vitamins; No stomach issues,certain,ai_annotated,,,
