content,content_zh,rating,product_id,date,ai_sentiment,ai_aspects_json,ai_aspects_json_zh,ai_pain_points,ai_highlights,ai_evidence_level,annotation_status,reviewer_notes
Really good quality fits perfect,质量非常好，尺码很合适。,5,B0F6V6WNTW,2026-04-02,positive,"[{""key"": ""build_quality"", ""polarity"": ""positive"", ""evidence_span"": ""Really good quality"", ""evidence_level"": ""certain""}, {""key"": ""size_fit"", ""polarity"": ""positive"", ""evidence_span"": ""fits perfect"", ""evidence_level"": ""certain""}]","[{""key"": ""做工"", ""polarity"": ""正面"", ""evidence_span"": ""Really good quality"", ""evidence_level"": ""确定""}, {""key"": ""尺寸匹配"", ""polarity"": ""正面"", ""evidence_span"": ""fits perfect"", ""evidence_level"": ""确定""}]",[],"[""good quality"", ""perfect fit""]",certain,ai_pending_review,
Sizing can be a challenge,尺码可能是个挑战。,5,B0F6V8RDYM,2025-11-13,neutral,"[{""key"": ""size_fit"", ""polarity"": ""negative"", ""evidence_span"": ""Sizing can be a challenge"", ""evidence_level"": ""certain""}]","[{""key"": ""尺寸匹配"", ""polarity"": ""负面"", ""evidence_span"": ""Sizing can be a challenge"", ""evidence_level"": ""确定""}]","[""Sizing is challenging""]",[],certain,reviewed,
Fits great love it.,非常合身，很喜欢。,5,B0F6V6MKC9,2025-11-12,positive,"[{""key"": ""size_fit"", ""polarity"": ""positive"", ""evidence_span"": ""Fits great"", ""evidence_level"": ""certain""}]","[{""key"": ""尺寸匹配"", ""polarity"": ""正面"", ""evidence_span"": ""Fits great"", ""evidence_level"": ""确定""}]",[],"[""great fit""]",certain,ai_pending_review,
It was very nice but the material gave me a rash.,很好，但材质让我起了皮疹。,1,B0DZ6D9652,2025-03-25,negative,"[{""key"": ""material"", ""polarity"": ""negative"", ""evidence_span"": ""the material gave me a rash"", ""evidence_level"": ""certain""}]","[{""key"": ""材质用料"", ""polarity"": ""负面"", ""evidence_span"": ""the material gave me a rash"", ""evidence_level"": ""确定""}]","[""material causes rash""]",[],certain,ai_pending_review,
This product was terrible. Very thin and no support.,这个产品太差了。非常薄，而且没有支撑力。,1,B0F6VKZ4FB,2025-12-10,negative,"[{""key"": ""thickness"", ""polarity"": ""negative"", ""evidence_span"": ""Very thin"", ""evidence_level"": ""certain""}, {""key"": ""cut_fit"", ""polarity"": ""negative"", ""evidence_span"": ""no support"", ""evidence_level"": ""certain""}]","[{""key"": ""厚度"", ""polarity"": ""负面"", ""evidence_span"": ""Very thin"", ""evidence_level"": ""确定""}, {""key"": ""版型"", ""polarity"": ""负面"", ""evidence_span"": ""no support"", ""evidence_level"": ""确定""}]","[""Too thin"", ""No support""]",[],certain,reviewed,
"The fit of this bra was terrible on me. I had really wanted it to fit, but it  looked and felt awful on me. My boobs were smashed together, spilling out of the front as well as the sides. I had to frequently adjust it during the one day I wore it,  because of how uncomfortable it was. Sadly, I will need to return it.",这款文胸的尺码对我来说非常不合适。我原本很希望它能合身，但穿上后外观和触感都很糟糕。我的胸部被挤压在一起，不仅前面溢出，两侧也跑了出来。穿了一天，因为太不舒服，我不得不频繁调整。很遗憾，我不得不退货。,2,B0F6V8RDYM,2026-01-06,negative,"[{""key"": ""size_fit"", ""polarity"": ""negative"", ""evidence_span"": ""The fit of this bra was terrible on me"", ""evidence_level"": ""certain""}, {""key"": ""comfort"", ""polarity"": ""negative"", ""evidence_span"": ""how uncomfortable it was"", ""evidence_level"": ""certain""}, {""key"": ""cut_fit"", ""polarity"": ""negative"", ""evidence_span"": ""boobs were smashed together, spilling out of the front as well as the sides"", ""evidence_level"": ""certain""}, {""key"": ""ease_of_use"", ""polarity"": ""negative"", ""evidence_span"": ""had to frequently adjust it"", ""evidence_level"": ""certain""}]","[{""key"": ""尺寸匹配"", ""polarity"": ""负面"", ""evidence_span"": ""The fit of this bra was terrible on me"", ""evidence_level"": ""确定""}, {""key"": ""舒适度"", ""polarity"": ""负面"", ""evidence_span"": ""how uncomfortable it was"", ""evidence_level"": ""确定""}, {""key"": ""版型"", ""polarity"": ""负面"", ""evidence_span"": ""boobs were smashed together, spilling out of the front as well as the sides"", ""evidence_level"": ""确定""}, {""key"": ""易用性"", ""polarity"": ""负面"", ""evidence_span"": ""had to frequently adjust it"", ""evidence_level"": ""确定""}]","[""Poor fit"", ""Uncomfortable"", ""Requires frequent adjustment""]",[],certain,reviewed,
Not for large boobs,不适合大胸,1,B0F6VB6C79,2026-01-05,negative,"[{""key"": ""size_fit"", ""polarity"": ""negative"", ""evidence_span"": ""Not for large boobs"", ""evidence_level"": ""certain""}]","[{""key"": ""尺寸匹配"", ""polarity"": ""负面"", ""evidence_span"": ""Not for large boobs"", ""evidence_level"": ""确定""}]","[""Not suitable for large bust""]",[],certain,ai_pending_review,
"I thought my size 42 DDD would fit better. Smooshes breasts together and then I get a bulge. So to me it runs small. Fabric is buttery but not very supportive, God forbid I'd run. Sides and back feel pretty good. Definitely meant for smaller bust",我以为我的42DDD尺码会更合身。结果把胸部挤在一起，还出现了凸起。所以对我来说，这个尺码偏小。面料很柔软，但支撑性不太好，要是跑步的话简直不敢想。两侧和后背的感觉还不错。显然更适合小胸的人穿。,2,B0F6V6WNTS,2025-08-16,negative,"[{""key"": ""size_fit"", ""polarity"": ""negative"", ""evidence_span"": ""it runs small"", ""evidence_level"": ""certain""}, {""key"": ""material"", ""polarity"": ""positive"", ""evidence_span"": ""Fabric is buttery"", ""evidence_level"": ""certain""}, {""key"": ""comfort"", ""polarity"": ""negative"", ""evidence_span"": ""not very supportive"", ""evidence_level"": ""certain""}, {""key"": ""cut_fit"", ""polarity"": ""negative"", ""evidence_span"": ""Smooshes breasts together and then I get a bulge"", ""evidence_level"": ""certain""}, {""key"": ""comfort"", ""polarity"": ""positive"", ""evidence_span"": ""Sides and back feel pretty good"", ""evidence_level"": ""certain""}]","[{""key"": ""尺寸匹配"", ""polarity"": ""负面"", ""evidence_span"": ""it runs small"", ""evidence_level"": ""确定""}, {""key"": ""材质用料"", ""polarity"": ""正面"", ""evidence_span"": ""Fabric is buttery"", ""evidence_level"": ""确定""}, {""key"": ""舒适度"", ""polarity"": ""负面"", ""evidence_span"": ""not very supportive"", ""evidence_level"": ""确定""}, {""key"": ""版型"", ""polarity"": ""负面"", ""evidence_span"": ""Smooshes breasts together and then I get a bulge"", ""evidence_level"": ""确定""}, {""key"": ""舒适度"", ""polarity"": ""正面"", ""evidence_span"": ""Sides and back feel pretty good"", ""evidence_level"": ""确定""}]","[""runs small for larger bust"", ""lack of support"", ""causes bulging""]","[""buttery fabric"", ""good sides and back fit""]",certain,reviewed,
"I am a 3x,and this bra was way too small in cup size! Such a disappointment.",我是3X的，这个文胸的罩杯太小了！太失望了。,2,B0F6VB7S4S,2026-01-16,negative,"[{""key"": ""size_fit"", ""polarity"": ""negative"", ""evidence_span"": ""way too small in cup size"", ""evidence_level"": ""certain""}]","[{""key"": ""尺寸匹配"", ""polarity"": ""负面"", ""evidence_span"": ""way too small in cup size"", ""evidence_level"": ""确定""}]","[""Cup size too small""]",[],certain,ai_pending_review,
Nice material but zero support for heavier breast.,材质不错，但对大胸完全没有支撑力。,2,B0F6V6YWVD,2025-09-18,negative,"[{""key"": ""material"", ""polarity"": ""positive"", ""evidence_span"": ""Nice material"", ""evidence_level"": ""certain""}, {""key"": ""cut_fit"", ""polarity"": ""negative"", ""evidence_span"": ""zero support for heavier breast"", ""evidence_level"": ""certain""}]","[{""key"": ""材质用料"", ""polarity"": ""正面"", ""evidence_span"": ""Nice material"", ""evidence_level"": ""确定""}, {""key"": ""版型"", ""polarity"": ""负面"", ""evidence_span"": ""zero support for heavier breast"", ""evidence_level"": ""确定""}]","[""no support for larger bust""]","[""nice material""]",certain,reviewed,
"Quality product but fit was a bit off for me. Specifically, the cups are too pointy for my liking. They are not an unnatural shape just too pointy for me. I have a D size cup on a smaller body and look for more a smooth round shape to NOT something that enhances the size of my boobs. Also, the cross strap setup is a great option but the straps are not long enough for that configuration. I am able to wear the straps crossed but it is much tighter than I would prefer. I would say a larger size might fix my concerns but I am small around so that might be a problem too.For reference, I am a 33ish D, 5'0"". So I am very aware, I am odd sized...",产品质量不错，但尺码对我来说不太合适。具体来说，罩杯形状太尖了，我不太喜欢。并不是说形状不自然，只是对我来说太尖了。我是小骨架的D罩杯，更想要平滑圆润的形状，而不是凸显胸部大小的款式。另外，交叉肩带的设计是个很好的选择，但肩带长度不够，无法实现这种配置。虽然我能把肩带交叉穿上，但比我希望的要紧得多。我觉得大一号可能能解决我的问题，但我本身骨架小，所以可能也是个问题。供参考，我大概是33D，身高5英尺。我很清楚自己的身材比较特殊。,3,B0F6V6L3LD,2026-01-27,neutral,"[{""key"": ""size_fit"", ""polarity"": ""negative"", ""evidence_span"": ""fit was a bit off for me"", ""evidence_level"": ""certain""}, {""key"": ""aesthetics"", ""polarity"": ""negative"", ""evidence_span"": ""cups are too pointy for my liking"", ""evidence_level"": ""certain""}, {""key"": ""cut_fit"", ""polarity"": ""negative"", ""evidence_span"": ""straps are not long enough for that configuration"", ""evidence_level"": ""certain""}, {""key"": ""comfort"", ""polarity"": ""negative"", ""evidence_span"": ""much tighter than I would prefer"", ""evidence_level"": ""certain""}, {""key"": ""build_quality"", ""polarity"": ""positive"", ""evidence_span"": ""Quality product"", ""evidence_level"": ""certain""}, {""key"": ""ease_of_use"", ""polarity"": ""positive"", ""evidence_span"": ""cross strap setup is a great option"", ""evidence_level"": ""certain""}]","[{""key"": ""尺寸匹配"", ""polarity"": ""负面"", ""evidence_span"": ""fit was a bit off for me"", ""evidence_level"": ""确定""}, {""key"": ""外观设计"", ""polarity"": ""负面"", ""evidence_span"": ""cups are too pointy for my liking"", ""evidence_level"": ""确定""}, {""key"": ""版型"", ""polarity"": ""负面"", ""evidence_span"": ""straps are not long enough for that configuration"", ""evidence_level"": ""确定""}, {""key"": ""舒适度"", ""polarity"": ""负面"", ""evidence_span"": ""much tighter than I would prefer"", ""evidence_level"": ""确定""}, {""key"": ""做工"", ""polarity"": ""正面"", ""evidence_span"": ""Quality product"", ""evidence_level"": ""确定""}, {""key"": ""易用性"", ""polarity"": ""正面"", ""evidence_span"": ""cross strap setup is a great option"", ""evidence_level"": ""确定""}]","[""pointy cup shape"", ""straps too short for cross-back"", ""tight fit with crossed straps""]","[""quality product"", ""great cross strap option""]",certain,reviewed,
"The most comfortable bra I own. It is weightless, smooths the sides and doesn't pinch. The adjustable straps and ability to cross the straps with the stretchiness are fantastic. Will buy more in other colors.",这是我拥有的最舒适的内衣。它轻若无物，能抚平侧边，且不会勒紧。可调节的肩带以及利用弹性交叉肩带的设计非常棒。我会再买其他颜色的。,5,B0F6V6LVKX,2025-11-19,positive,"[{""key"": ""comfort"", ""polarity"": ""positive"", ""evidence_span"": ""The most comfortable bra I own. It is weightless, smooths the sides and doesn't pinch."", ""evidence_level"": ""certain""}, {""key"": ""stretchiness"", ""polarity"": ""positive"", ""evidence_span"": ""ability to cross the straps with the stretchiness are fantastic"", ""evidence_level"": ""certain""}, {""key"": ""ease_of_use"", ""polarity"": ""positive"", ""evidence_span"": ""adjustable straps"", ""evidence_level"": ""certain""}]","[{""key"": ""舒适度"", ""polarity"": ""正面"", ""evidence_span"": ""The most comfortable bra I own. It is weightless, smooths the sides and doesn't pinch."", ""evidence_level"": ""确定""}, {""key"": ""弹性"", ""polarity"": ""正面"", ""evidence_span"": ""ability to cross the straps with the stretchiness are fantastic"", ""evidence_level"": ""确定""}, {""key"": ""易用性"", ""polarity"": ""正面"", ""evidence_span"": ""adjustable straps"", ""evidence_level"": ""确定""}]",,"[""weightless and non-pinching"", ""adjustable and crossable straps"", ""great stretchiness""]",certain,reviewed,
Very comfy but not enough support or control if your larger than B cup,非常舒适，但如果罩杯大于B杯，支撑性和控制力不足。,3,B0DZ6DVL76,2025-12-15,neutral,"[{""key"": ""comfort"", ""polarity"": ""positive"", ""evidence_span"": ""Very comfy"", ""evidence_level"": ""certain""}, {""key"": ""size_fit"", ""polarity"": ""negative"", ""evidence_span"": ""not enough support or control if your larger than B cup"", ""evidence_level"": ""certain""}]","[{""key"": ""舒适度"", ""polarity"": ""正面"", ""evidence_span"": ""Very comfy"", ""evidence_level"": ""确定""}, {""key"": ""尺寸匹配"", ""polarity"": ""负面"", ""evidence_span"": ""not enough support or control if your larger than B cup"", ""evidence_level"": ""确定""}]","[""Lack of support for larger cup sizes""]","[""Comfortable""]",certain,reviewed,
I wanted to love these. But nope. Not for big breast. I am a 38 DD and these have no support for me . They jiggle and live way too much even under a medium thick sweatshirt. Not comfy. Returning.,本想爱上这款，但不行。不适合大胸。我是38DD，这款完全没支撑力。即使穿着中等厚度的运动衫，晃动感也太明显了。不舒服。退货。,1,B0F6VKZ4FB,2025-08-12,negative,"[{""key"": ""cut_fit"", ""polarity"": ""negative"", ""evidence_span"": ""no support for me"", ""evidence_level"": ""certain""}]","[{""key"": ""版型"", ""polarity"": ""负面"", ""evidence_span"": ""no support for me"", ""evidence_level"": ""确定""}]",,,,reviewed,
Just received and tried on. As of right now this is the most comfortable bra I have ever owned!!! Great lift and support. Material is buttery soft and no uncomfortable wires poking. 10 out of 10 would recommend,刚收到并试穿。到目前为止，这是我有过的最舒适的文胸！！！提拉和支撑效果极佳。面料如丝般柔软，没有不舒服的钢圈扎人。十分推荐，满分十分。,5,B0G6ZMNDPZ,2026-05-07,positive,"[{""key"": ""comfort"", ""polarity"": ""positive"", ""evidence_span"": ""most comfortable bra I have ever owned"", ""evidence_level"": ""certain""}, {""key"": ""material"", ""polarity"": ""positive"", ""evidence_span"": ""Material is buttery soft"", ""evidence_level"": ""certain""}, {""key"": ""cut_fit"", ""polarity"": ""positive"", ""evidence_span"": ""Great lift and support"", ""evidence_level"": ""certain""}]","[{""key"": ""舒适度"", ""polarity"": ""正面"", ""evidence_span"": ""most comfortable bra I have ever owned"", ""evidence_level"": ""确定""}, {""key"": ""材质用料"", ""polarity"": ""正面"", ""evidence_span"": ""Material is buttery soft"", ""evidence_level"": ""确定""}, {""key"": ""版型"", ""polarity"": ""正面"", ""evidence_span"": ""Great lift and support"", ""evidence_level"": ""确定""}]",,"[""most comfortable bra ever"", ""buttery soft material"", ""great lift and support""]",certain,reviewed,
This claims to be a push-up. There is no push-up at all,这声称是聚拢型文胸，但根本没有聚拢效果。,3,B0DZ6BPMNQ,2026-05-26,negative,"[{""key"": ""other"", ""polarity"": ""negative"", ""evidence_span"": ""claims to be a push-up. There is no push-up at all"", ""evidence_level"": ""certain""}]","[{""key"": ""其他"", ""polarity"": ""负面"", ""evidence_span"": ""claims to be a push-up. There is no push-up at all"", ""evidence_level"": ""确定""}]","[""No push-up effect despite claims""]",[],certain,reviewed,
"So this bra is so soft and comfortable, however at the end of the day you will end up with a uni boob, the kind of just end up together, the material is so smooth and soft there is nothing to hold the breasts apart. The breasts eventually migrate together, if this does not bother you, you will love this bra. It does support and has great coverage in the underarm area and the back. It also comes with an extra extender if it would be needed. It does not come in regular sizes, I am a 46D to DD and the 2xl worked very well.",这款文胸非常柔软舒适，但一天下来会出现“连胸”现象——由于面料过于顺滑柔软，无法将双乳分隔开，最终会聚拢在一起。如果你不介意这点，你会爱上这款文胸。它具有良好的支撑性，腋下和背部覆盖面积大，还附赠加长扣以备不时之需。尺码不按常规标准，我是46D到DD罩杯，穿2XL非常合适。,4,B0F6V6RW6D,2025-12-25,positive,"[{""key"": ""comfort"", ""polarity"": ""positive"", ""evidence_span"": ""so soft and comfortable"", ""evidence_level"": ""certain""}, {""key"": ""material"", ""polarity"": ""positive"", ""evidence_span"": ""material is so smooth and soft"", ""evidence_level"": ""certain""}, {""key"": ""size_fit"", ""polarity"": ""positive"", ""evidence_span"": ""the 2xl worked very well"", ""evidence_level"": ""certain""}, {""key"": ""cut_fit"", ""polarity"": ""negative"", ""evidence_span"": ""end up with a uni boob"", ""evidence_level"": ""certain""}, {""key"": ""cut_fit"", ""polarity"": ""positive"", ""evidence_span"": ""It does support and has great coverage"", ""evidence_level"": ""certain""}]","[{""key"": ""舒适度"", ""polarity"": ""正面"", ""evidence_span"": ""so soft and comfortable"", ""evidence_level"": ""确定""}, {""key"": ""材质用料"", ""polarity"": ""正面"", ""evidence_span"": ""material is so smooth and soft"", ""evidence_level"": ""确定""}, {""key"": ""尺寸匹配"", ""polarity"": ""正面"", ""evidence_span"": ""the 2xl worked very well"", ""evidence_level"": ""确定""}, {""key"": ""版型"", ""polarity"": ""负面"", ""evidence_span"": ""end up with a uni boob"", ""evidence_level"": ""确定""}, {""key"": ""版型"", ""polarity"": ""正面"", ""evidence_span"": ""It does support and has great coverage"", ""evidence_level"": ""确定""}]","[""uni boob from lack of separation""]","[""soft and comfortable material"", ""good underarm and back coverage"", ""includes extender""]",certain,reviewed,
Best bra I've ever purchased,这是我买过的最好的文胸。,5,B0F6V6L3LD,2025-12-05,positive,"[{""key"": ""other"", ""polarity"": ""positive"", ""evidence_span"": ""Best bra I've ever purchased"", ""evidence_level"": ""certain""}]","[{""key"": ""其他"", ""polarity"": ""正面"", ""evidence_span"": ""Best bra I've ever purchased"", ""evidence_level"": ""确定""}]",[],"[""best bra ever purchased""]",certain,ai_pending_review,
"(Great bra!! does what it says it’s gonna do!I really like it. It fits me perfectly.’We’ll buy again!) ????Well I tried the bra in today and there IS NOSURRORT IF YOU HAVE SIZE D cup!!LADIES, BEWARE DO NOT BUY IF YOUR LOOKING FOR SOME SUPPORT BECAUSE THIS BRA OFFERS NONE FOR LARGER BUSTS! Seems like all they do is makeC cup and it under.!! nothing on the market anymore for us, large busted gals.I can’t even find a bra with white straps with an under wire! Figure that one out! JO SUPPORT!!!",（好棒的文胸！！它确实做到了它承诺的效果！我非常喜欢。它非常合身。会再买的！）？？？？今天试穿了这款文胸，但如果你是D罩杯，它完全没有支撑力！！女士们，请注意，如果你需要支撑效果，千万不要买，因为这款文胸对大胸毫无支撑作用！看起来他们只做C罩杯及以下的尺寸！！市场上再也没有适合我们大胸女孩的产品了。我甚至找不到一款带白色肩带和钢圈的文胸！这谁能想得到！毫无支撑力！！！,1,B0FXLT4G85,2026-05-14,negative,"[{""key"": ""size_fit"", ""polarity"": ""negative"", ""evidence_span"": ""NO SUPPORT IF YOU HAVE SIZE D cup"", ""evidence_level"": ""certain""}, {""key"": ""cut_fit"", ""polarity"": ""negative"", ""evidence_span"": ""NO SUPPORT IF YOU HAVE SIZE D cup"", ""evidence_level"": ""certain""}]","[{""key"": ""尺寸匹配"", ""polarity"": ""负面"", ""evidence_span"": ""NO SUPPORT IF YOU HAVE SIZE D cup"", ""evidence_level"": ""确定""}, {""key"": ""版型"", ""polarity"": ""负面"", ""evidence_span"": ""NO SUPPORT IF YOU HAVE SIZE D cup"", ""evidence_level"": ""确定""}]","[""No support for D cup and larger""]",[],certain,reviewed,
"This bra feels just like a high dollar brand, but ALOT less money.  I wear a 38DDD, usually wear an XL, top.",这款文胸的手感与高端品牌无异，但价格却便宜得多。我穿38DDD，通常上衣穿XL码。,5,B0F6VKZ4FB,2025-11-14,positive,"[{""key"": ""value_for_money"", ""polarity"": ""positive"", ""evidence_span"": ""feels just like a high dollar brand, but ALOT less money"", ""evidence_level"": ""certain""}, {""key"": ""comfort"", ""polarity"": ""positive"", ""evidence_span"": ""feels just like a high dollar brand"", ""evidence_level"": ""certain""}, {""key"": ""material"", ""polarity"": ""positive"", ""evidence_span"": ""feels just like a high dollar brand"", ""evidence_level"": ""probable""}]","[{""key"": ""性价比"", ""polarity"": ""正面"", ""evidence_span"": ""feels just like a high dollar brand, but ALOT less money"", ""evidence_level"": ""确定""}, {""key"": ""舒适度"", ""polarity"": ""正面"", ""evidence_span"": ""feels just like a high dollar brand"", ""evidence_level"": ""确定""}, {""key"": ""材质用料"", ""polarity"": ""正面"", ""evidence_span"": ""feels just like a high dollar brand"", ""evidence_level"": ""推测""}]",,"[""feels like high dollar brand"", ""much less money""]",certain,reviewed,
So comfortable and seamless! I need one in every color now!,太舒适了，而且无缝贴合！现在每个颜色我都想要一件！,5,B0FKSCLXCQ,2025-08-22,positive,"[{""key"": ""comfort"", ""polarity"": ""positive"", ""evidence_span"": ""So comfortable and seamless!"", ""evidence_level"": ""certain""}, {""key"": ""aesthetics"", ""polarity"": ""positive"", ""evidence_span"": ""I need one in every color now!"", ""evidence_level"": ""certain""}, {""key"": ""stitching"", ""polarity"": ""positive"", ""evidence_span"": ""seamless"", ""evidence_level"": ""certain""}]","[{""key"": ""舒适度"", ""polarity"": ""正面"", ""evidence_span"": ""So comfortable and seamless!"", ""evidence_level"": ""确定""}, {""key"": ""外观设计"", ""polarity"": ""正面"", ""evidence_span"": ""I need one in every color now!"", ""evidence_level"": ""确定""}, {""key"": ""走线/缝合"", ""polarity"": ""正面"", ""evidence_span"": ""seamless"", ""evidence_level"": ""确定""}]",,"[""comfortable and seamless"", ""available in many colors""]",certain,reviewed,
Most comfortable bra I’ve ever had,这是我穿过最舒适的内衣。,5,B0F6VKZ4FB,2025-11-13,positive,"[{""key"": ""comfort"", ""polarity"": ""positive"", ""evidence_span"": ""Most comfortable bra I’ve ever had"", ""evidence_level"": ""certain""}]","[{""key"": ""舒适度"", ""polarity"": ""正面"", ""evidence_span"": ""Most comfortable bra I’ve ever had"", ""evidence_level"": ""确定""}]",[],"[""most comfortable bra""]",certain,ai_pending_review,
"At first it is so supportive and comfortable, however after a little while the straps stretch and it becomes way less supportive. There are no adjustments for the strap to tighten back up. Also, if you're chunky lucky me, it definitely rolls up!",起初它非常支撑且舒适，但过了一段时间后，肩带会变松，支撑性大打折扣。而且肩带无法调节收紧。另外，如果你像我一样身材丰满，它肯定会卷边！,1,B0DZMK3KPW,2025-12-02,negative,"[{""key"": ""comfort"", ""polarity"": ""positive"", ""evidence_span"": ""At first it is so supportive and comfortable"", ""evidence_level"": ""certain""}, {""key"": ""durability"", ""polarity"": ""negative"", ""evidence_span"": ""after a little while the straps stretch and it becomes way less supportive"", ""evidence_level"": ""certain""}, {""key"": ""stretchiness"", ""polarity"": ""negative"", ""evidence_span"": ""the straps stretch and it becomes way less supportive"", ""evidence_level"": ""certain""}, {""key"": ""size_fit"", ""polarity"": ""negative"", ""evidence_span"": ""if you're chunky lucky me, it definitely rolls up"", ""evidence_level"": ""certain""}, {""key"": ""ease_of_use"", ""polarity"": ""negative"", ""evidence_span"": ""There are no adjustments for the strap to tighten back up"", ""evidence_level"": ""certain""}, {""key"": ""cut_fit"", ""polarity"": ""negative"", ""evidence_span"": ""it definitely rolls up"", ""evidence_level"": ""certain""}]","[{""key"": ""舒适度"", ""polarity"": ""正面"", ""evidence_span"": ""At first it is so supportive and comfortable"", ""evidence_level"": ""确定""}, {""key"": ""耐用性"", ""polarity"": ""负面"", ""evidence_span"": ""after a little while the straps stretch and it becomes way less supportive"", ""evidence_level"": ""确定""}, {""key"": ""弹性"", ""polarity"": ""负面"", ""evidence_span"": ""the straps stretch and it becomes way less supportive"", ""evidence_level"": ""确定""}, {""key"": ""尺寸匹配"", ""polarity"": ""负面"", ""evidence_span"": ""if you're chunky lucky me, it definitely rolls up"", ""evidence_level"": ""确定""}, {""key"": ""易用性"", ""polarity"": ""负面"", ""evidence_span"": ""There are no adjustments for the strap to tighten back up"", ""evidence_level"": ""确定""}, {""key"": ""版型"", ""polarity"": ""负面"", ""evidence_span"": ""it definitely rolls up"", ""evidence_level"": ""确定""}]","[""Straps stretch over time"", ""No strap adjustment"", ""Rolls up for larger sizes""]","[""Initially supportive and comfortable""]",certain,reviewed,
I really don't like it.  The lining in the cup twisted when washed. Hard to fix it.  My flab in the back over hanged.  Would not order again!,非常不喜欢。杯子的内衬清洗时扭曲了，很难弄好。我背部的赘肉都露出来了。不会再买了！,4,B0F6VKZ4FB,2026-03-27,negative,"[{""key"": ""cleaning"", ""polarity"": ""negative"", ""evidence_span"": ""The lining in the cup twisted when washed"", ""evidence_level"": ""certain""}, {""key"": ""size_fit"", ""polarity"": ""negative"", ""evidence_span"": ""My flab in the back over hanged"", ""evidence_level"": ""certain""}]","[{""key"": ""易洗性"", ""polarity"": ""负面"", ""evidence_span"": ""The lining in the cup twisted when washed"", ""evidence_level"": ""确定""}, {""key"": ""尺寸匹配"", ""polarity"": ""负面"", ""evidence_span"": ""My flab in the back over hanged"", ""evidence_level"": ""确定""}]","[""lining twists after washing"", ""back flab overhangs""]",[],certain,ai_pending_review,
No good.  The pads come right out un the laundry.  Never again.,不好。护垫在洗衣时直接脱落。再也不会买了。,2,B0F6V8RDYM,2026-06-01,negative,"[{""key"": ""cleaning"", ""polarity"": ""negative"", ""evidence_span"": ""pads come right out un the laundry"", ""evidence_level"": ""certain""}]","[{""key"": ""易洗性"", ""polarity"": ""负面"", ""evidence_span"": ""pads come right out un the laundry"", ""evidence_level"": ""确定""}]","[""Pads fall out in laundry""]",[],certain,reviewed,
"I’m starting to think I may not have the body type for this style of bra. I’ve been searching for wireless bras that still offer support without rolling up on the sides or underneath the breasts, and this is about the third one I’ve tried.Honestly, this one has been even more frustrating than the others. It may stay in place slightly longer with movement, but not by much. Very little movement is needed before it starts rolling up on the sides and underneath the breasts, and when it does, it feels even more uncomfortable than the other brands I’ve tried.I wear these for everyday use with shirts when stepping into public and at work, so comfort matters a lot. It’s irritating having to constantly adjust it. Sometimes just walking from my room to my car is enough for it to roll up, and trying to fix it barely helps before it immediately rolls again. With other brands, pulling from the sides usually corrected the issue temporarily, but not with this one.I also have downtime at work where I recline occasionally, and this bra feels very restrictive when sitting down, much less leaning back (only when rolled up, if it magically stays in place its comfortable). It almost feels like it’s squeezing me. Also the padding is stitched in on the inside, so yay for it not being lost but nay for trying to fix it inside the fabric sometimes.I purchased my usual bra size and have both measured myself and been professionally measured, so I don’t believe sizing is the issue. Unfortunately, this style just didn’t work for me. However, if it didn’t have the rolling up issue, it would definitely have 5 stars for support and felt like a decent quality.",我开始怀疑自己可能不适合这种款式的文胸。我一直在寻找无钢圈但仍有支撑力、且不会在侧面或胸部下方卷边的款式，这大概是我试过的第三款了。说实话，这款比其他款更让人沮丧。活动时它或许能多保持一会儿位置，但效果有限。稍微动一下，侧面和胸部下方就开始卷边，而且卷起来后比其他品牌更不舒服。我日常穿它搭配衬衫出门或上班，所以舒适度很重要。总得调整它实在烦人。有时从房间走到车里，它就卷起来了，试图整理也几乎没用，很快又会卷回去。其他品牌的话，从侧面拉一下通常能暂时解决问题，但这款不行。我工作间隙偶尔会向后靠，这款文胸坐着时就很束缚，更别说后仰了（只有在它神奇地保持原位时才舒服）。它几乎像在挤压我。另外，衬垫是缝在里面的，好处是不会移位，但坏处是调整时得隔着布料操作。我买了平常的尺码，自己量过也请专业人士量过，所以不认为是尺码问题。可惜这款设计不适合我。不过，如果没有卷边问题，它的支撑力和质感绝对能打五星。,2,B0FZGVD26C,2026-05-13,negative,"[{""key"": ""comfort"", ""polarity"": ""negative"", ""evidence_span"": ""it starts rolling up on the sides and underneath the breasts, and when it does, it feels even more uncomfortable"", ""evidence_level"": ""certain""}, {""key"": ""ease_of_use"", ""polarity"": ""negative"", ""evidence_span"": ""It’s irritating having to constantly adjust it"", ""evidence_level"": ""certain""}, {""key"": ""cut_fit"", ""polarity"": ""negative"", ""evidence_span"": ""starts rolling up on the sides and underneath the breasts"", ""evidence_level"": ""certain""}]","[{""key"": ""舒适度"", ""polarity"": ""负面"", ""evidence_span"": ""it starts rolling up on the sides and underneath the breasts, and when it does, it feels even more uncomfortable"", ""evidence_level"": ""确定""}, {""key"": ""易用性"", ""polarity"": ""负面"", ""evidence_span"": ""It’s irritating having to constantly adjust it"", ""evidence_level"": ""确定""}, {""key"": ""版型"", ""polarity"": ""负面"", ""evidence_span"": ""starts rolling up on the sides and underneath the breasts"", ""evidence_level"": ""确定""}]","[""Bra rolls up on sides and underneath"", ""Constant adjustment needed"", ""Restrictive when sitting or reclining""]","[""Padding is stitched in, won't shift""]",certain,reviewed,
This bra looks and feels great. Has really good support. Very comfortable. Straps are easy to adjust and it came with an expander that is easy to clip on and off. The bra does not roll up and padding is just the right amount. I purchased 2 and will definitely be purchasing more.,这款文胸外观和触感都很棒，支撑性非常好，穿着非常舒适。肩带调节方便，还附带了易于扣上和取下的延长扣。文胸不会卷边，衬垫厚度也恰到好处。我买了两个，绝对会再回购更多。,5,B0F6TWKDFK,2026-01-04,positive,"[{""key"": ""aesthetics"", ""polarity"": ""positive"", ""evidence_span"": ""looks and feels great"", ""evidence_level"": ""certain""}, {""key"": ""comfort"", ""polarity"": ""positive"", ""evidence_span"": ""Very comfortable"", ""evidence_level"": ""certain""}, {""key"": ""ease_of_use"", ""polarity"": ""positive"", ""evidence_span"": ""Straps are easy to adjust"", ""evidence_level"": ""certain""}, {""key"": ""cut_fit"", ""polarity"": ""positive"", ""evidence_span"": ""does not roll up and padding is just the right amount"", ""evidence_level"": ""certain""}]","[{""key"": ""外观设计"", ""polarity"": ""正面"", ""evidence_span"": ""looks and feels great"", ""evidence_level"": ""确定""}, {""key"": ""舒适度"", ""polarity"": ""正面"", ""evidence_span"": ""Very comfortable"", ""evidence_level"": ""确定""}, {""key"": ""易用性"", ""polarity"": ""正面"", ""evidence_span"": ""Straps are easy to adjust"", ""evidence_level"": ""确定""}, {""key"": ""版型"", ""polarity"": ""正面"", ""evidence_span"": ""does not roll up and padding is just the right amount"", ""evidence_level"": ""确定""}]",,"[""good support"", ""comfortable"", ""easy to adjust straps""]",certain,reviewed,
"Let me start by saying I am a 38/40 DDD/F. So maybe my fault for expectations. There is minimal support, almost fits like a sports bra, so basically i got a smashed uniboob situation going on and it rolls in the front. With all that being said super soft.Just not what I was looking for I want something that actually offers support and holds eveything up with out an obnoxious underwire. I know too much to ask. For reference the only bra that I found that works is lane bryant boost plunge",先说下我的尺码是38/40 DDD/F，所以可能是我期望太高了。这款几乎没有支撑力，穿起来像运动内衣，结果就是胸部被压成“一坨”还往前翻卷。不过面料确实超级柔软。只是不是我想要的——我想要的是真正有支撑力、能托住胸部又不用烦人钢圈的内衣。我知道这要求太高了。参考一下，目前唯一适合我的是Lane Bryant的Boost Plunge款。,1,B0F6V6MKC9,2025-09-11,negative,"[{""key"": ""cut_fit"", ""polarity"": ""negative"", ""evidence_span"": ""smashed uniboob situation"", ""evidence_level"": ""certain""}, {""key"": ""material"", ""polarity"": ""positive"", ""evidence_span"": ""super soft"", ""evidence_level"": ""certain""}]","[{""key"": ""版型"", ""polarity"": ""负面"", ""evidence_span"": ""smashed uniboob situation"", ""evidence_level"": ""确定""}, {""key"": ""材质用料"", ""polarity"": ""正面"", ""evidence_span"": ""super soft"", ""evidence_level"": ""确定""}]",,,,reviewed,
The straps slide right down your shoulders,肩带总是从肩膀上滑落。,3,B0F6V6WNTS,2025-12-01,negative,"[{""key"": ""cut_fit"", ""polarity"": ""negative"", ""evidence_span"": ""straps slide right down your shoulders"", ""evidence_level"": ""certain""}, {""key"": ""size_fit"", ""polarity"": ""negative"", ""evidence_span"": ""straps slide right down your shoulders"", ""evidence_level"": ""probable""}]","[{""key"": ""版型"", ""polarity"": ""负面"", ""evidence_span"": ""straps slide right down your shoulders"", ""evidence_level"": ""确定""}, {""key"": ""尺寸匹配"", ""polarity"": ""负面"", ""evidence_span"": ""straps slide right down your shoulders"", ""evidence_level"": ""推测""}]","[""Straps slip off shoulders""]",[],certain,reviewed,
I ordered this bra for my mom and she raves about how great it is. She says it’s the most comfortable bra she’s ever had.,我给妈妈买了这款文胸，她赞不绝口，说这是她穿过最舒服的文胸。,5,B0F6VB6C79,2026-02-22,positive,"[{""key"": ""comfort"", ""polarity"": ""positive"", ""evidence_span"": ""most comfortable bra she’s ever had"", ""evidence_level"": ""certain""}]","[{""key"": ""舒适度"", ""polarity"": ""正面"", ""evidence_span"": ""most comfortable bra she’s ever had"", ""evidence_level"": ""确定""}]",[],"[""most comfortable bra ever""]",certain,ai_pending_review,
"I highly recommend LetsJoli Bras! I am especially happy that it suitable as a masechtomy bra solution for a prosthesis. Although it’s not marketed as such, it works. Material is good quality, very comfortable and stretchy. It’s light weight, but holds everything in place and looks smooth underneath a snug fitting top. The 2XL was a little big and the XL is perfect. My size is 40E",我强烈推荐LetsJoli文胸！尤其满意它适合作为假体植入后的义乳文胸解决方案。虽然它并非以此作为卖点，但确实有效。材质优良，非常舒适且有弹性。轻便却能将一切固定到位，在贴身衣物下也显得平滑。2XL稍大，XL则完美贴合。我的尺码是40E。,5,B0F6VB6RN8,2025-10-30,positive,"[{""key"": ""material"", ""polarity"": ""positive"", ""evidence_span"": ""Material is good quality"", ""evidence_level"": ""certain""}, {""key"": ""comfort"", ""polarity"": ""positive"", ""evidence_span"": ""very comfortable"", ""evidence_level"": ""certain""}, {""key"": ""stretchiness"", ""polarity"": ""positive"", ""evidence_span"": ""stretchy"", ""evidence_level"": ""certain""}, {""key"": ""size_fit"", ""polarity"": ""positive"", ""evidence_span"": ""XL is perfect"", ""evidence_level"": ""certain""}, {""key"": ""cut_fit"", ""polarity"": ""positive"", ""evidence_span"": ""holds everything in place"", ""evidence_level"": ""certain""}, {""key"": ""other"", ""polarity"": ""positive"", ""evidence_span"": ""suitable as a masechtomy bra solution for a prosthesis"", ""evidence_level"": ""certain""}]","[{""key"": ""材质用料"", ""polarity"": ""正面"", ""evidence_span"": ""Material is good quality"", ""evidence_level"": ""确定""}, {""key"": ""舒适度"", ""polarity"": ""正面"", ""evidence_span"": ""very comfortable"", ""evidence_level"": ""确定""}, {""key"": ""弹性"", ""polarity"": ""正面"", ""evidence_span"": ""stretchy"", ""evidence_level"": ""确定""}, {""key"": ""尺寸匹配"", ""polarity"": ""正面"", ""evidence_span"": ""XL is perfect"", ""evidence_level"": ""确定""}, {""key"": ""版型"", ""polarity"": ""正面"", ""evidence_span"": ""holds everything in place"", ""evidence_level"": ""确定""}, {""key"": ""其他"", ""polarity"": ""正面"", ""evidence_span"": ""suitable as a masechtomy bra solution for a prosthesis"", ""evidence_level"": ""确定""}]",,"[""works as mastectomy bra"", ""smooth under snug tops""]",certain,reviewed,
I'm obsessed. Thrown out all my other bras. I've gotten 3 so far.,我彻底迷上了。已经把所有其他内衣都扔了，目前买了三件。,5,B0F6V6RW6D,2026-01-08,positive,"[{""key"": ""other"", ""polarity"": ""positive"", ""evidence_span"": ""I'm obsessed. Thrown out all my other bras."", ""evidence_level"": ""certain""}]","[{""key"": ""其他"", ""polarity"": ""正面"", ""evidence_span"": ""I'm obsessed. Thrown out all my other bras."", ""evidence_level"": ""确定""}]",[],"[""obsessed with product"", ""replaced all other bras""]",certain,ai_pending_review,
"I was surprised that this bra fit so perfectly.. I've tried more than I can remember, and this one does have all the features I've been looking for.  Wider, adjustable straps, conveniently wide in the underarm to help hide the drama that goes on there and perfect uplift.  I will be ordering another one--or more.",这款文胸的贴合度让我惊喜不已。试过的款式多到数不清，而这一件确实集齐了我一直寻找的所有优点：加宽的可调节肩带、腋下部位恰到好处的加宽设计能巧妙隐藏赘肉，还有完美的提托效果。我打算再买一件——或许不止一件。,5,B0F6V8RDYM,2025-11-05,positive,"[{""key"": ""size_fit"", ""polarity"": ""positive"", ""evidence_span"": ""this bra fit so perfectly"", ""evidence_level"": ""certain""}, {""key"": ""cut_fit"", ""polarity"": ""positive"", ""evidence_span"": ""wide in the underarm to help hide"", ""evidence_level"": ""certain""}, {""key"": ""ease_of_use"", ""polarity"": ""positive"", ""evidence_span"": ""adjustable straps"", ""evidence_level"": ""certain""}]","[{""key"": ""尺寸匹配"", ""polarity"": ""正面"", ""evidence_span"": ""this bra fit so perfectly"", ""evidence_level"": ""确定""}, {""key"": ""版型"", ""polarity"": ""正面"", ""evidence_span"": ""wide in the underarm to help hide"", ""evidence_level"": ""确定""}, {""key"": ""易用性"", ""polarity"": ""正面"", ""evidence_span"": ""adjustable straps"", ""evidence_level"": ""确定""}]",,"[""perfect fit"", ""wider adjustable straps"", ""good underarm coverage""]",certain,reviewed,
"Dios recomendadicimo tengo demasiados acostumbradores y ninguno me ha gustado como este, el mejor normalmente soy 36DDD y pedi talla L me encanto , Divino tengo los senos un poco caídos y me los sujeta muy bien la verdad se los recomiendo aparte todos los rollitos de la espalda no se ven, demasiado bueno la verdad al fin encontré el indicado",强烈推荐！我试过太多款调整型内衣，但没有一件像这款这样让我满意，它是最好的。我通常穿36DDD，这次选了L码，太喜欢了，简直完美。我的胸部有点下垂，但它支撑得非常好，真心推荐。而且背部的赘肉也完全看不见，真的太棒了，终于找到了最适合我的那一款。,5,B0F6V8RDYM,2025-07-21,positive,"[{""key"": ""size_fit"", ""polarity"": ""positive"", ""evidence_span"": ""normalmente soy 36DDD y pedi talla L me encanto"", ""evidence_level"": ""certain""}, {""key"": ""cut_fit"", ""polarity"": ""positive"", ""evidence_span"": ""me los sujeta muy bien"", ""evidence_level"": ""certain""}, {""key"": ""aesthetics"", ""polarity"": ""positive"", ""evidence_span"": ""todos los rollitos de la espalda no se ven"", ""evidence_level"": ""certain""}]","[{""key"": ""尺寸匹配"", ""polarity"": ""正面"", ""evidence_span"": ""normalmente soy 36DDD y pedi talla L me encanto"", ""evidence_level"": ""确定""}, {""key"": ""版型"", ""polarity"": ""正面"", ""evidence_span"": ""me los sujeta muy bien"", ""evidence_level"": ""确定""}, {""key"": ""外观设计"", ""polarity"": ""正面"", ""evidence_span"": ""todos los rollitos de la espalda no se ven"", ""evidence_level"": ""确定""}]",,"[""great fit for 36DDD"", ""hides back rolls"", ""good support for sagging breasts""]",certain,reviewed,
"Very soft and comfortable material.  Not as supportive on the sides or uplifting as an underwire bra, but did better than I expected.  The size chart was accurate for me on the fit.  Like the wider sides and straps.  Since the material is very soft and comfortable, no wires digging in, I’ll be keeping them to give them a try.",材质非常柔软舒适。侧边支撑和上托效果不如有钢圈内衣，但比预期要好。尺码表对我而言很准确。喜欢加宽的侧边和肩带。由于材质非常柔软舒适，没有钢圈勒感，我会留着试试看。,4,B0F6V9HJVD,2025-10-13,positive,"[{""key"": ""comfort"", ""polarity"": ""positive"", ""evidence_span"": ""Very soft and comfortable material"", ""evidence_level"": ""certain""}, {""key"": ""material"", ""polarity"": ""positive"", ""evidence_span"": ""Very soft and comfortable material"", ""evidence_level"": ""certain""}, {""key"": ""size_fit"", ""polarity"": ""positive"", ""evidence_span"": ""The size chart was accurate for me on the fit"", ""evidence_level"": ""certain""}, {""key"": ""cut_fit"", ""polarity"": ""positive"", ""evidence_span"": ""Like the wider sides and straps"", ""evidence_level"": ""certain""}, {""key"": ""cut_fit"", ""polarity"": ""negative"", ""evidence_span"": ""Not as supportive on the sides or uplifting as an underwire bra"", ""evidence_level"": ""certain""}]","[{""key"": ""舒适度"", ""polarity"": ""正面"", ""evidence_span"": ""Very soft and comfortable material"", ""evidence_level"": ""确定""}, {""key"": ""材质用料"", ""polarity"": ""正面"", ""evidence_span"": ""Very soft and comfortable material"", ""evidence_level"": ""确定""}, {""key"": ""尺寸匹配"", ""polarity"": ""正面"", ""evidence_span"": ""The size chart was accurate for me on the fit"", ""evidence_level"": ""确定""}, {""key"": ""版型"", ""polarity"": ""正面"", ""evidence_span"": ""Like the wider sides and straps"", ""evidence_level"": ""确定""}, {""key"": ""版型"", ""polarity"": ""负面"", ""evidence_span"": ""Not as supportive on the sides or uplifting as an underwire bra"", ""evidence_level"": ""确定""}]","[""Not as supportive as underwire bra""]","[""Soft and comfortable material"", ""Accurate size chart"", ""Wider sides and straps""]",certain,reviewed,
"I found the straps to be extremely comfortable, along with the other materials used in the band and even the padding in the cups. I do not normally purchase bras with padding, but did not find this to be overly padded. When I removed padding from one bra, all 'form' was lost and it seemed the cup got even smaller. Cup size is not true to size but runs much smaller. Band/width was extremely comfortable all day long, but 'muffin top' caused by small cups was totally unacceptable. After padding was removed, there was no under cup support at all and ""dropping ""occurred. I would not purchase again because cup size is very difficult to determine for full breasted women. Their suggested sizing was WAY off!  If they were to improve and increase cup sizing, I would probably buy 25! Extremely soft fabric and extremely comfortable. No cutting on my shoulders from straps and weight. Wide shoulder straps are magnificent!",我发现肩带非常舒适，其他材料如肩带和罩杯内的衬垫也很舒服。我通常不买带衬垫的文胸，但这款并没有过度填充。当我取出一个文胸的衬垫后，整个形状都消失了，罩杯似乎变得更小。罩杯尺寸并不标准，而是偏小很多。肩带/宽度全天都非常舒适，但小罩杯导致的“副乳”问题完全无法接受。取出衬垫后，罩杯下方完全没有支撑，出现了“下垂”现象。我不会再购买，因为对于丰满胸部的女性来说，罩杯尺寸很难确定。他们建议的尺码完全不对！如果他们能改进并增大罩杯尺寸，我可能会买25件！面料极其柔软舒适，肩带和重量不会勒肩膀。宽肩带设计非常出色！,2,B0F6VKZ4FB,2025-11-22,negative,"[{""key"": ""comfort"", ""polarity"": ""positive"", ""evidence_span"": ""straps to be extremely comfortable"", ""evidence_level"": ""certain""}, {""key"": ""size_fit"", ""polarity"": ""negative"", ""evidence_span"": ""Cup size is not true to size but runs much smaller"", ""evidence_level"": ""certain""}, {""key"": ""material"", ""polarity"": ""positive"", ""evidence_span"": ""Extremely soft fabric and extremely comfortable"", ""evidence_level"": ""certain""}, {""key"": ""cut_fit"", ""polarity"": ""negative"", ""evidence_span"": ""'muffin top' caused by small cups was totally unacceptable"", ""evidence_level"": ""certain""}, {""key"": ""build_quality"", ""polarity"": ""negative"", ""evidence_span"": ""no under cup support at all and 'dropping' occurred"", ""evidence_level"": ""certain""}]","[{""key"": ""舒适度"", ""polarity"": ""正面"", ""evidence_span"": ""straps to be extremely comfortable"", ""evidence_level"": ""确定""}, {""key"": ""尺寸匹配"", ""polarity"": ""负面"", ""evidence_span"": ""Cup size is not true to size but runs much smaller"", ""evidence_level"": ""确定""}, {""key"": ""材质用料"", ""polarity"": ""正面"", ""evidence_span"": ""Extremely soft fabric and extremely comfortable"", ""evidence_level"": ""确定""}, {""key"": ""版型"", ""polarity"": ""负面"", ""evidence_span"": ""'muffin top' caused by small cups was totally unacceptable"", ""evidence_level"": ""确定""}, {""key"": ""做工"", ""polarity"": ""负面"", ""evidence_span"": ""no under cup support at all and 'dropping' occurred"", ""evidence_level"": ""确定""}]","[""Cup size runs much smaller"", ""Muffin top from small cups"", ""No under cup support after padding removal""]","[""Extremely comfortable straps and fabric"", ""Wide shoulder straps are magnificent""]",certain,reviewed,
"It was too big and too small all at the same time. The 4X cup size was too small but the band was way too big so I would not be able to size up to a 5x to get the cup size I need. I literally laughed at the extender because I don't understand how this company could think that somebody could be that big under the chest and then have absolutely no breasts. It appears I would need a 3X in the band, possibly a 2X and a 5x for cup size so this was a big no for me. This is kind of disappointing because the bra seemed very comfortable and lifting other than that.",这款内衣同时存在太大和太小的问题。4X的罩杯太小，但底围却太大，所以我无法通过升级到5X来获得所需的罩杯尺寸。看到那个延长扣时我简直笑出声，实在不明白这家公司怎么会认为有人能胸围如此宽大却完全没有胸部。看来我需要3X的底围（可能2X也行），但罩杯得是5X，所以这款完全不适合我。挺失望的，因为除此之外这款内衣似乎很舒适且具有提托效果。,3,B0FGTZY5MM,2026-05-27,negative,"[{""key"": ""size_fit"", ""polarity"": ""negative"", ""evidence_span"": ""too big and too small all at the same time"", ""evidence_level"": ""certain""}, {""key"": ""comfort"", ""polarity"": ""positive"", ""evidence_span"": ""bra seemed very comfortable and lifting"", ""evidence_level"": ""probable""}, {""key"": ""cut_fit"", ""polarity"": ""positive"", ""evidence_span"": ""bra seemed very comfortable and lifting"", ""evidence_level"": ""probable""}]","[{""key"": ""尺寸匹配"", ""polarity"": ""负面"", ""evidence_span"": ""too big and too small all at the same time"", ""evidence_level"": ""确定""}, {""key"": ""舒适度"", ""polarity"": ""正面"", ""evidence_span"": ""bra seemed very comfortable and lifting"", ""evidence_level"": ""推测""}, {""key"": ""版型"", ""polarity"": ""正面"", ""evidence_span"": ""bra seemed very comfortable and lifting"", ""evidence_level"": ""推测""}]","[""Cup too small, band too big"", ""Inconsistent sizing across band and cup""]","[""Comfortable and lifting design""]",certain,reviewed,
"These bras are not built for large breast. They are soft, and comfortable but large breasted women do not get that promised coverage. The breasts bulge on top. I do not recommend them for this reason.",这些文胸不适合大胸女性。它们柔软舒适，但大胸女性无法获得承诺的覆盖效果。胸部上方会凸起。因此我不推荐购买。,3,B0GQLSPY5S,2026-05-11,negative,"[{""key"": ""comfort"", ""polarity"": ""positive"", ""evidence_span"": ""soft, and comfortable"", ""evidence_level"": ""certain""}, {""key"": ""size_fit"", ""polarity"": ""negative"", ""evidence_span"": ""not built for large breast"", ""evidence_level"": ""certain""}, {""key"": ""cut_fit"", ""polarity"": ""negative"", ""evidence_span"": ""breasts bulge on top"", ""evidence_level"": ""certain""}]","[{""key"": ""舒适度"", ""polarity"": ""正面"", ""evidence_span"": ""soft, and comfortable"", ""evidence_level"": ""确定""}, {""key"": ""尺寸匹配"", ""polarity"": ""负面"", ""evidence_span"": ""not built for large breast"", ""evidence_level"": ""确定""}, {""key"": ""版型"", ""polarity"": ""负面"", ""evidence_span"": ""breasts bulge on top"", ""evidence_level"": ""确定""}]","[""Not enough coverage for large breasts"", ""Bulging on top""]","[""Soft and comfortable material""]",certain,ai_pending_review,
Bought for a older family member she's happy with them. She says she can't even tell it's on its very comfortable. The thing is stretchier then expected got her the 3x cause about 42 around I was able to show her how it clipped and I measure about 46-47 I wouldn't recommend someone my measurements to try it unless they want it tight and able to feel it go for recommend by size chart. She decided to clip and tug over no issues it stays clipped and she has no complaints.,为一位年长家人购买，她很喜欢。她说戴着很舒适，几乎感觉不到它的存在。这东西比预想的更有弹性，给她买了3XL，因为腰围大约42英寸。我教她如何扣上，自己量了下腰围约46-47英寸，不建议像我这样尺寸的人尝试，除非想要紧身且能感受到束缚感，建议按尺码表选购。她扣上后拉扯了几下没问题，扣子很牢固，她没有任何抱怨。,5,B0FZGZV41K,2026-04-13,positive,"[{""key"": ""comfort"", ""polarity"": ""positive"", ""evidence_span"": ""very comfortable"", ""evidence_level"": ""certain""}, {""key"": ""stretchiness"", ""polarity"": ""positive"", ""evidence_span"": ""stretchier then expected"", ""evidence_level"": ""certain""}, {""key"": ""size_fit"", ""polarity"": ""positive"", ""evidence_span"": ""no issues it stays clipped"", ""evidence_level"": ""certain""}, {""key"": ""ease_of_use"", ""polarity"": ""positive"", ""evidence_span"": ""clip and tug over no issues it stays clipped"", ""evidence_level"": ""certain""}]","[{""key"": ""舒适度"", ""polarity"": ""正面"", ""evidence_span"": ""very comfortable"", ""evidence_level"": ""确定""}, {""key"": ""弹性"", ""polarity"": ""正面"", ""evidence_span"": ""stretchier then expected"", ""evidence_level"": ""确定""}, {""key"": ""尺寸匹配"", ""polarity"": ""正面"", ""evidence_span"": ""no issues it stays clipped"", ""evidence_level"": ""确定""}, {""key"": ""易用性"", ""polarity"": ""正面"", ""evidence_span"": ""clip and tug over no issues it stays clipped"", ""evidence_level"": ""确定""}]",,"[""very comfortable"", ""stretchier than expected"", ""stays clipped""]",certain,reviewed,
"If I could give it no stars, I would very disappointed",如果我能给零颗星，我会非常失望。,1,B0F6V6YWVD,2025-10-03,negative,[],[],"[""very disappointed""]",[],certain,ai_pending_review,
Poor support for those of us with dense breasts. Cheap material.,对我们这些乳腺密度高的人来说，支持性很差。材质廉价。,1,B0F6V6RW6D,2026-04-19,negative,"[{""key"": ""material"", ""polarity"": ""negative"", ""evidence_span"": ""Cheap material"", ""evidence_level"": ""certain""}, {""key"": ""cut_fit"", ""polarity"": ""negative"", ""evidence_span"": ""Poor support for those of us with dense breasts"", ""evidence_level"": ""certain""}]","[{""key"": ""材质用料"", ""polarity"": ""负面"", ""evidence_span"": ""Cheap material"", ""evidence_level"": ""确定""}, {""key"": ""版型"", ""polarity"": ""负面"", ""evidence_span"": ""Poor support for those of us with dense breasts"", ""evidence_level"": ""确定""}]","[""Poor support for dense breasts"", ""Cheap material""]",[],certain,reviewed,
"I absolutely LOVE this bra! The material is incredibly soft and comfortable — it truly has that buttery-soft feel. I really like that it has no underwire, so there’s no digging or discomfort throughout the day, while still giving a flattering shape and support. The scalloped detail is also a nice touch and makes it feel a little more stylish than a basic everyday bra. It’s comfortable enough to wear all day and still looks great under t-shirts. Definitely one of my favorite bras and I would absolutely purchase again!",我超爱这款文胸！面料超级柔软舒适，摸起来就像黄油般顺滑。最棒的是它没有钢圈，全天穿着都不会有勒痕或不适感，同时还能保持优美的胸型和支撑力。蕾丝花边设计也很精致，比普通日常文胸多了几分时尚感。不仅全天穿着都舒服，搭配T恤也特别好看。绝对是我最爱的文胸之一，一定会回购！,5,B0DQQ9HCYG,2026-05-20,positive,"[{""key"": ""material"", ""polarity"": ""positive"", ""evidence_span"": ""The material is incredibly soft and comfortable"", ""evidence_level"": ""certain""}, {""key"": ""comfort"", ""polarity"": ""positive"", ""evidence_span"": ""no underwire, so there’s no digging or discomfort"", ""evidence_level"": ""certain""}, {""key"": ""aesthetics"", ""polarity"": ""positive"", ""evidence_span"": ""scalloped detail is also a nice touch"", ""evidence_level"": ""certain""}, {""key"": ""cut_fit"", ""polarity"": ""positive"", ""evidence_span"": ""giving a flattering shape and support"", ""evidence_level"": ""certain""}]","[{""key"": ""材质用料"", ""polarity"": ""正面"", ""evidence_span"": ""The material is incredibly soft and comfortable"", ""evidence_level"": ""确定""}, {""key"": ""舒适度"", ""polarity"": ""正面"", ""evidence_span"": ""no underwire, so there’s no digging or discomfort"", ""evidence_level"": ""确定""}, {""key"": ""外观设计"", ""polarity"": ""正面"", ""evidence_span"": ""scalloped detail is also a nice touch"", ""evidence_level"": ""确定""}, {""key"": ""版型"", ""polarity"": ""正面"", ""evidence_span"": ""giving a flattering shape and support"", ""evidence_level"": ""确定""}]",[],"[""buttery-soft material"", ""no underwire comfort"", ""flattering shape and support""]",certain,ai_pending_review,
"The media could not be loaded.Behold my fellow curvy women, a bra worthy of your time and monetary resources! As a mom who tries to work out and eat well, I have certainly become more voluptuous size than I was before motherhood dared to take my spare time away from me.As someone who has always loathed bra shopping, I have spent years trying to find a good fitting bra. I’ve gone to the various Victoria’s Secret places, Maidenform, Hanes, you name it. I’ve tried to get my bra size right and find a reasonably good fitting bra. Alas, a good fitting bra has always eluded my journey into lingerie purchases. As such, I’ve always taken the better than the other options choices, but never found a bra that actually fit quite right or didn’t roll up into my armpit fat.Fast forward to present, Amazon board me in with a special sale deal on these bras. I bought one at approximately $9.99, so approximately half price. Having just been burned by a different online broad dealer, I was not expecting much out of this purchase, but at least I knew that Amazon would take my return unlike the other place.I first noticed that there’s actually four hook enclosures, which is substantially more sturdy than the two or three hook bras out there. While the shoulder straps looked fairly wide the adjuster seemed to actually work pretty easily and didn’t require you to do anything super fancy to adjust their length. The real test was when I got it on the next morning for work and wearing it for a full 10 hour day at the office. For years now I’ve had other bras consistently roll up into my armpit fat and into the side chub on the side of my rib cage. By lunchtime, usually I was heading to the bathroom to try to fiddle with my bra, but to do avail.I fully expected to do the same for this bra, but was pleasantly surprised by the delightfully stay put structure of the bra, the sheer with the bra side and back panels keeps it from doing much of anything other than rolling up at the maybe the very bottom tip. You can kind of see this in the video review that I’ve left. That said it was never anything overly uncomfortable in the several months that I’ve now had this bra and purchased some more as well. In short as a 5’3, 200 pound woman with a short stocky frame I’m amazed that these bras are so cheap and would love to get more colors if they offer them beyond nudes and black. There’s no concern of nipples showing through or showing any skin, so it’s very much opaque, and everything is very adjustable. In typical bra sizes I’m considered a 40B and I ordered an extra large for this product.","媒体无法加载。各位丰满的姐妹们，看过来！这款文胸值得你们投入时间和金钱！作为一个努力健身和健康饮食的妈妈，我在成为母亲后身材确实比之前更加丰腴了——毕竟当妈后连空闲时间都被剥夺了。作为一直讨厌买文胸的人，我多年来一直在寻找合身的文胸。我去过维多利亚的秘密、Maidenform、Hanes等各种品牌店，试过各种尺码，想找到一件还算合身的文胸。可惜，一件真正合身的文胸始终与我无缘。因此，我总在""比上不足比下有余""的选择中凑合，却从未找到一件真正贴合、不会卷进腋下赘肉的文胸。直到现在，亚马逊给我推送了这款文胸的特价活动。我以约9.99美元（相当于半价）买了一件。刚被另一家网店坑过的我，本来没抱太大期望——但至少知道亚马逊能退货，不像那家店。首先注意到的是它有四个排扣，比市面上两三个排扣的文胸牢固得多。肩带看起来相当宽，调节扣操作起来也很轻松，不需要什么花哨技巧就能调整长度。真正的考验是第二天上班时穿上它，在办公室整整穿了10小时。多年来，其他文胸总是卷进我的腋下赘肉和肋骨两侧的肉里。通常到午餐时间，我就得冲进洗手间折腾文胸，却毫无改善。我本以为这款文胸也会如此，但惊喜地发现它结构稳固，侧边和后背的面料几乎不会移动——最多只在胸部最下方微微卷起。",5,B0F6VKZ4FB,2026-03-29,positive,"[{""key"": ""size_fit"", ""polarity"": ""positive"", ""evidence_span"": ""I'm considered a 40B and I ordered an extra large"", ""evidence_level"": ""probable""}, {""key"": ""value_for_money"", ""polarity"": ""positive"", ""evidence_span"": ""bought one at approximately $9.99"", ""evidence_level"": ""certain""}, {""key"": ""build_quality"", ""polarity"": ""positive"", ""evidence_span"": ""four hook enclosures, which is substantially more sturdy"", ""evidence_level"": ""certain""}, {""key"": ""ease_of_use"", ""polarity"": ""positive"", ""evidence_span"": ""adjuster seemed to actually work pretty easily"", ""evidence_level"": ""certain""}, {""key"": ""comfort"", ""polarity"": ""positive"", ""evidence_span"": ""never anything overly uncomfortable"", ""evidence_level"": ""certain""}, {""key"": ""cut_fit"", ""polarity"": ""positive"", ""evidence_span"": ""stay put structure of the bra"", ""evidence_level"": ""certain""}]","[{""key"": ""尺寸匹配"", ""polarity"": ""正面"", ""evidence_span"": ""I'm considered a 40B and I ordered an extra large"", ""evidence_level"": ""推测""}, {""key"": ""性价比"", ""polarity"": ""正面"", ""evidence_span"": ""bought one at approximately $9.99"", ""evidence_level"": ""确定""}, {""key"": ""做工"", ""polarity"": ""正面"", ""evidence_span"": ""four hook enclosures, which is substantially more sturdy"", ""evidence_level"": ""确定""}, {""key"": ""易用性"", ""polarity"": ""正面"", ""evidence_span"": ""adjuster seemed to actually work pretty easily"", ""evidence_level"": ""确定""}, {""key"": ""舒适度"", ""polarity"": ""正面"", ""evidence_span"": ""never anything overly uncomfortable"", ""evidence_level"": ""确定""}, {""key"": ""版型"", ""polarity"": ""正面"", ""evidence_span"": ""stay put structure of the bra"", ""evidence_level"": ""确定""}]",,"[""four hook enclosures for sturdiness"", ""easy adjuster"", ""great value at $9.99""]",certain,reviewed,
I accidentally order these bras. They look nice but have large side panels. If you need that then they would be good.,我不小心订购了这些文胸。它们看起来不错，但侧边布料很宽。如果你需要这种设计，那它们会挺合适的。,2,B0FKSCLXCQ,2025-10-24,neutral,"[{""key"": ""aesthetics"", ""polarity"": ""positive"", ""evidence_span"": ""look nice"", ""evidence_level"": ""certain""}, {""key"": ""cut_fit"", ""polarity"": ""neutral"", ""evidence_span"": ""have large side panels"", ""evidence_level"": ""certain""}]","[{""key"": ""外观设计"", ""polarity"": ""正面"", ""evidence_span"": ""look nice"", ""evidence_level"": ""确定""}, {""key"": ""版型"", ""polarity"": ""中性"", ""evidence_span"": ""have large side panels"", ""evidence_level"": ""确定""}]","[""large side panels""]","[""look nice""]",certain,reviewed,
"I ordered a Large. I wear a 34 or 36 DDD. The bra came today, I tried it on and it's comfortable. However it doesn't have much support at all. And the band under the breast just rolls up under my breasts. So I definitely won't be wearing it to go out. But not bad for around the house.",我订了大号。我平时穿34或36DDD。今天内衣到了，试穿了一下，挺舒服的。不过支撑力完全不够，而且胸下的松紧带老是卷起来。所以出门肯定不会穿它，但居家穿还行。,3,B0F6V8RDYM,2025-10-16,neutral,"[{""key"": ""comfort"", ""polarity"": ""positive"", ""evidence_span"": ""it's comfortable"", ""evidence_level"": ""certain""}, {""key"": ""cut_fit"", ""polarity"": ""negative"", ""evidence_span"": ""band under the breast just rolls up"", ""evidence_level"": ""certain""}]","[{""key"": ""舒适度"", ""polarity"": ""正面"", ""evidence_span"": ""it's comfortable"", ""evidence_level"": ""确定""}, {""key"": ""版型"", ""polarity"": ""负面"", ""evidence_span"": ""band under the breast just rolls up"", ""evidence_level"": ""确定""}]","[""Lack of support"", ""Band rolls up""]","[""Comfortable for home use""]",certain,reviewed,
Love these bras...so soft and comfortable to wear.,很喜欢这些文胸...穿着非常柔软舒适。,5,B0G526BD2J,2026-05-08,positive,"[{""key"": ""comfort"", ""polarity"": ""positive"", ""evidence_span"": ""so soft and comfortable to wear"", ""evidence_level"": ""certain""}, {""key"": ""material"", ""polarity"": ""positive"", ""evidence_span"": ""so soft"", ""evidence_level"": ""certain""}]","[{""key"": ""舒适度"", ""polarity"": ""正面"", ""evidence_span"": ""so soft and comfortable to wear"", ""evidence_level"": ""确定""}, {""key"": ""材质用料"", ""polarity"": ""正面"", ""evidence_span"": ""so soft"", ""evidence_level"": ""确定""}]",[],"[""soft and comfortable""]",certain,ai_pending_review,
Bra was very soft and looked durable but not for plus size women the cups are very small for my size had to return,文胸非常柔软，看起来也很耐用，但不适合大码女性。罩杯对我来说太小了，只能退货。,3,B0F6V6WNTS,2026-02-05,negative,"[{""key"": ""size_fit"", ""polarity"": ""negative"", ""evidence_span"": ""not for plus size women the cups are very small for my size"", ""evidence_level"": ""certain""}, {""key"": ""material"", ""polarity"": ""positive"", ""evidence_span"": ""Bra was very soft"", ""evidence_level"": ""certain""}, {""key"": ""durability"", ""polarity"": ""positive"", ""evidence_span"": ""looked durable"", ""evidence_level"": ""probable""}]","[{""key"": ""尺寸匹配"", ""polarity"": ""负面"", ""evidence_span"": ""not for plus size women the cups are very small for my size"", ""evidence_level"": ""确定""}, {""key"": ""材质用料"", ""polarity"": ""正面"", ""evidence_span"": ""Bra was very soft"", ""evidence_level"": ""确定""}, {""key"": ""耐用性"", ""polarity"": ""正面"", ""evidence_span"": ""looked durable"", ""evidence_level"": ""推测""}]","[""cups too small for plus size""]","[""soft material"", ""durable look""]",certain,ai_pending_review,
Soft material,柔软材质,4,B0F6VB6C79,2026-04-23,positive,"[{""key"": ""material"", ""polarity"": ""positive"", ""evidence_span"": ""Soft material"", ""evidence_level"": ""certain""}]","[{""key"": ""材质用料"", ""polarity"": ""正面"", ""evidence_span"": ""Soft material"", ""evidence_level"": ""确定""}]",[],"[""Soft material""]",certain,ai_pending_review,
At first I thought these were going to be great.  But during the day I started to sag again.  They feel soft and the straps don’t hurt so I kept it.,起初我以为这款产品会很棒。但白天时，我又开始感到松弛。它们触感柔软，肩带也不勒人，所以我留下了。,4,B0F6V6MKC9,2025-11-11,neutral,"[{""key"": ""comfort"", ""polarity"": ""positive"", ""evidence_span"": ""They feel soft and the straps don’t hurt"", ""evidence_level"": ""certain""}, {""key"": ""cut_fit"", ""polarity"": ""negative"", ""evidence_span"": ""during the day I started to sag again"", ""evidence_level"": ""certain""}]","[{""key"": ""舒适度"", ""polarity"": ""正面"", ""evidence_span"": ""They feel soft and the straps don’t hurt"", ""evidence_level"": ""确定""}, {""key"": ""版型"", ""polarity"": ""负面"", ""evidence_span"": ""during the day I started to sag again"", ""evidence_level"": ""确定""}]","[""sagging during wear""]","[""soft feel"", ""comfortable straps""]",certain,reviewed,
"This is very soft and very comfortable, but it does not lift and separate, and it gapes on the sides. I would say this would be great for many, but fit is not great for me.",这款非常柔软舒适，但缺乏提拉和聚拢效果，两侧还会出现空隙。对很多人来说可能很棒，但对我来说不太合身。,4,B0F6V5T92N,2025-12-19,neutral,"[{""key"": ""comfort"", ""polarity"": ""positive"", ""evidence_span"": ""very soft and very comfortable"", ""evidence_level"": ""certain""}, {""key"": ""size_fit"", ""polarity"": ""negative"", ""evidence_span"": ""gapes on the sides"", ""evidence_level"": ""certain""}, {""key"": ""cut_fit"", ""polarity"": ""negative"", ""evidence_span"": ""does not lift and separate"", ""evidence_level"": ""certain""}]","[{""key"": ""舒适度"", ""polarity"": ""正面"", ""evidence_span"": ""very soft and very comfortable"", ""evidence_level"": ""确定""}, {""key"": ""尺寸匹配"", ""polarity"": ""负面"", ""evidence_span"": ""gapes on the sides"", ""evidence_level"": ""确定""}, {""key"": ""版型"", ""polarity"": ""负面"", ""evidence_span"": ""does not lift and separate"", ""evidence_level"": ""确定""}]","[""gapes on sides"", ""does not lift and separate""]","[""very soft"", ""very comfortable""]",certain,ai_pending_review,
